additions,assignees,AssignmentId,c_num,changed_files,CI_latency,CI_result,closer,collaborator_status,comments,commits,commits_on_files_touched,contributors_url,cores,deletions,experience,F_API_merged,F_Q1_core_s,F_Q1_other_s,F_Q1_support,F_Q2_a_core,F_Q2_a_other,F_Q2_alternate,F_Q3_dis_s,F_Q3_dis_s_bug,F_Q3_dis_s_constc,F_Q3_dis_s_improve,F_Q4_dis_p,F_Q4_dis_p_nf,F_Q4_dis_p_nv,F_Q5_implemented,F_Q5_merged,first_response,forks,HIT_ID,is_org,lables,mergeable_state,merged,milestones,num_comments,num_commits,open_issues,p_num,P1_Submitter,P2_Cores,P3_External,participants,perc_external_contribs,pr_link,prev_pullreqs,project_maturity,Q1_Support?,Q2_Alternate S?,Q3_Dis_Solution?,Q4_Dis_Problem?,Q5_Outcome?,requester_succ_rate,sloc,social_distance,src_churn,stars,submitter,submitter_status,team_size,watchers,WorkerId
620,0,3WOKGM4L724WIDE8XOTN56W1XIYO0P,17,9,,0,mikeal,TRUE,17,13,7,https://github.com/nodejs/TSC/graphs/contributors,"mikeal, williamkapke",35,2877,0,1,1,1,1,0,1,0,0,0,0,0,0,0,0,0,220,26,1325,0,0,clean,FALSE,0,17,13,61,8,mikeal,"mikeal, williamkapke, jasnell","RichardLitt, dscape, diasdavid, iancrowther, PatrickHeneise, dshaw, TheAlphaNerd, bevacqua, Fishrock123, cianomaidin, jeanleonino, gergelyke, georgewills",19,0.69,https://github.com/nodejs/TSC/pull/28,4,26,"Y,core|Y,others","Y,core",N,N,"Rej, not sure.",0.75,0,0,655,46,mikeal,1,1,46,ABFSVRWVFHZ6P
12,0,3VA45EW49OBWP2ZQT7XNJBFB18H1OD,21,1,1015,0,stuartwdouglas,FALSE,21,1,0,https://github.com/wildfly/wildfly/graphs/contributors,"bstansberry, stuartwdouglas, kabir",5,1754,0,0,0,0,1,0,1,1,1,1,0,0,0,0,0,0,295,1654,1403,0,1,clean,FALSE,0,21,1,86,4,gaohoward,"bstansberry, stuartwdouglas, kabir, ctomc, dmlloyd, emuckenhuber, darranl, pferraro, jaikiran,tdiesler, jmesnil, jamezp, n1hility, scottmarlow, rhusar, wolfc","howadgao, stuartwdouglas, wildfly-ci",6,0.07,https://github.com/wildfly/wildfly/pull/8556,3,1654,N,"Y,core","Y,bug|Y,inconsistency",N,"Rej, not sure.",0,32048,0,17,1718,gaohoward,0,25,1718,AMZVZJL54O491
62,1,31Z0PCVWUL3QDGJ0E40VEVCBD0DT79,15,3,129,0,jza70,FALSE,15,1,0,https://github.com/netty/netty/graphs/contributors,"trustin, normanmaurer, Scottmitch",7,1865,0,1,0,1,1,0,1,1,1,0,1,1,0,1,0,0,19,4176,1272,0,0,clean,FALSE,1,15,1,343,4,jza70,"trustin, normanmaurer, Scottmitch, fredericBregier, CruzBishop, nmittler, jestan, veebs",netkins,6,0,https://github.com/netty/netty/pull/4648,1,4176,"Y,core","Y,core","Y,bug|Y,improve","Y, no value",NN,0,12488,0,69,8224,jza70,0,4,8224,A1WSTW4R68I8KI
175,0,323Q6SJS8J4DN07BWTHIO4M4R3BHFA,9,1,,0,asfgit,FALSE,9,4,0,https://github.com/apache/spark/graphs/contributors,"mateiz, rxin, pwendell",126,2676,0,1,0,1,0,0,0,0,0,0,0,0,0,0,1,0,74,10000,991,0,0,dirty,FALSE,0,9,4,451,6,vijaykiran,"mateiz, rxin, pwendell, davies, tdas, JoshRosen, srowen, ScrapCodes, ankurdave, jegonzal, holdenk, markhamstra mateiz, rxin, pwendell, JoshRosen, tdas, ankurdave, srowen, marmbrus, ScrapCodes, aarondav, andrewor14, kayousterhout, jegonzal,  holdenk, markhamstra, mengxr","thunterdb, SparkQA",7,0.02,https://github.com/apache/spark/pull/10601,3,10000,"Y,core",N,N,N,"Rej, implemented.",0,26011,0,301,10712,vijaykiran,0,16,10712,ABFSVRWVFHZ6P
73,0,3JBT3HLQF9QB5YWZGIJU054DOT6PZP,9,2,,0,chenkie,FALSE,11,3,2,https://github.com/auth0/angular2-jwt/graphs/contributors,"chenkie, escardin",44,2037,0,1,0,1,0,1,1,1,0,0,1,1,0,1,0,0,11,161,1037,0,0,dirty,FALSE,0,11,3,42,4,captaincodeman,"chenkie, escardin, charsleysa",kudoz83,5,0.16,https://github.com/auth0/angular2-jwt/pull/16,1,161,"Y,core","Y,others","Y,improve","Y, no value","Rej, not sure.",0,18,0,117,615,CaptainCodeman,0,1,615,AMZVZJL54O491
901,0,3WJ1OXY92B4PYYPAI91KXQIEQXE8A0,10,15,,0,jonasschnelli,TRUE,10,3,18,https://github.com/bitcoin/bitcoin/graphs/contributors,"laanwj, sipa, gavinandresen",51,2185,0,0,0,0,0,0,0,1,1,0,0,0,0,0,0,0,128,6862,1049,0,1,dirty,FALSE,0,10,3,516,6,jonasschnelli,"laanwj, sipa, gavinandresen, theuni, theluematt, jonasschnelli, marcofalke, luke-jr","instagibbs, pointbiz, jgarzik",6,0.11,https://github.com/bitcoin/bitcoin/pull/7273,149,6862,N,N,"Y,bug",N,"Rej, not sure.",0.72,6810,0,952,10412,jonasschnelli,1,15,10412,AMZVZJL54O491
203,0,3X3OR7WPZ0O6UHGEF0QA64YPK8NL83,10,13,11,0,squid808,FALSE,10,7,16,https://github.com/google/google-api-dotnet-client/graphs/contributors,"davidwaters, peleyal, mmdriley",247,629,0,1,1,1,1,1,1,1,1,0,0,1,0,1,1,0,8,162,1058,0,1,dirty,FALSE,1,10,7,110,4,squid808,"davidwatersl,aiuto,chrsmith,peleyal","mmdriley,peleyal",5,0.81,https://github.com/google/google-api-dotnet-client/pull/650,2,162,"Y,core|Y,others","Y,core|Y,others","Y,bug","Y, no value","Rej, implemented.",0.5,31671,0,450,333,squid808,0,3,333,A1WTD5OHCQS3TG
477,0,3A9AA95ATXADYKCA9UCEB1XIOOV5PK,10,32,,0,hlinnaka,FALSE,10,8,135,https://github.com/greenplum-db/gpdb/graphs/contributors,"bmomjian, tglsfdc, petere",35,1338,0,0,0,0,0,0,0,0,0,0,0,1,0,1,0,0,1437,483,1085,0,0,dirty,FALSE,0,10,8,109,5,atris,"bmomjian, tglsfdc, petere","gpdbdreddbot, ivannovick, hlinnaka, xinzweb",5,0.54,https://github.com/greenplum-db/gpdb/pull/253,3,483,N,N,N,"Y, no value","Rej, not sure.",0,112917,0,512,1671,atris,0,3,1671,A2JR05AXGBMG81
280,0,3C2NJ6JBKB5LW2HABWXO95PB4BYN2O,11,46,,1,rkuhn,FALSE,11,29,6,https://github.com/akka/akka/graphs/contributors,"viktorklang, patriknw, rkuhn",170,1888,0,1,0,1,1,0,1,0,0,0,0,0,0,0,0,0,1176,2006,1103,0,1,dirty,FALSE,0,11,29,525,4,lolski,"ktoso,jrudolph,patriknw,johanandren,rkuhn,bantonsson,jboner,henrikengstrom,2m,pvlugter,viktorklang,RayRoestenburg,richdougherty,drewhk",akka-ci,5,0.11,https://github.com/akka/akka/pull/19332,4,2006,"Y,core","Y,core",N,N,"Rej, not sure.",0.75,11597,0,450,6290,lolski,0,12,6290,ABFSVRWVFHZ6P
625,0,30MVJZJNHN10DWBOH7KBQLG81RK9J3,11,12,,0,asfgit,FALSE,11,4,0,https://github.com/apache/spark/graphs/contributors,"mateiz, rxin, pwendell",56,2093,0,0,1,1,1,0,1,1,1,0,0,0,0,0,1,1,598,10000,1110,0,0,dirty,FALSE,0,11,4,451,5,nongli,"mateiz, rxin, pwendell, davies, tdas, JoshRosen, srowen, ScrapCodes, ankurdave, jegonzal, holdenk, markhamstra","SparkQA, nongli, velvia, kiszk",7,0.02,https://github.com/apache/spark/pull/10593,26,10000,"Y,others","Y,core","Y,bug",N,Merged.,0,26011,0,681,10712,nongli,0,16,10712,ABFSVRWVFHZ6P
326,0,3KMS4QQVK3E4PQ8J2EKF1W2WJKXKFZ,12,26,,1,fiedl,FALSE,12,9,7,https://github.com/diaspora/diaspora/graphs/contributors,"jhass, maxwell, danielgrippi",11,1346,0,1,0,1,1,0,1,0,0,0,0,0,0,0,0,0,215,2793,1153,0,0,dirty,FALSE,0,12,9,387,5,fiedl,"jhass, maxwell, danielgrippi, sarahmei, Raven24, svbergerem, OhaiBBQ, fabianrbz, denniscollective, grzuy, Pistos, jaywink, ticho, stevenh512, manuels, DeadSuperHero","fiedl, disapora-code-review",6,0.03,https://github.com/diaspora/diaspora/pull/6612,1,2793,"Y,core","Y,core",N,N,"Rej, not sure.",0,2846,0,337,10962,fiedl,0,8,10962,ABFSVRWVFHZ6P
1463,0,37Q970SNZFWBNURJ0OEW3GPCYXM1SC,12,6,,0,asfgit,FALSE,12,5,0,https://github.com/apache/spark/graphs/contributors,"mateiz, rxin, pwendell",0,2095,0,1,0,1,0,0,0,0,0,0,0,0,0,0,1,0,8,10000,1175,0,0,dirty,FALSE,0,12,5,451,6,nogli,"mateiz, rxin, pwendell, joshrosen, davies, tdas, liancheng, zsxwing","kiszk, robbinspg, a-roberts, yjshen, SparkQA, nongli,",8,0.02,https://github.com/apache/spark/pull/10628,27,10000,"Y,core",N,N,N,"Rej, implemented.",0,26011,0,1463,10712,nongli,0,16,10712,AMZVZJL54O491
272,0,3KIBXJ1WD6IYV3LC1H35OQBAAF5OKT,12,11,,0,stefansperber,FALSE,12,18,18,https://github.com/klarna/HiveRunner/graphs/contributors,"PelleUllberg, teabot",44,1416,0,1,0,1,0,1,1,1,1,0,0,0,0,0,1,1,16,29,1194,0,0,dirty,FALSE,0,12,18,9,4,stefansperber,"PelleUllberg, teabot,stefansperber","stefansperber,massdosage",5,0.11,https://github.com/klarna/HiveRunner/pull/25,1,29,"Y,core","Y,others","Y,bug",N,Merged.,0,241,0,316,68,stefansperber,0,3,68,ADUKAOL850DWV
492,0,39OWYR0EPLFZ9VX06TL6A4H7GTMFYS,13,2,,0,asfgit,FALSE,13,8,5,https://github.com/apache/incubator-zeppelin/graphs/contributors,"Leemoonsoo, anthonycorbacho, bzz",424,1393,0,1,0,1,0,1,1,0,0,0,0,0,0,0,1,1,1409,1097,1212,0,0,dirty,FALSE,0,13,8,121,6,{},"Leemoonsoo, anthonycorbacho, bzz, minahlee, corneadoug","jongyoul, ahyoungryu, leemoonsoo, felixcheung, elbamos",6,0.01,https://github.com/apache/incubator-zeppelin/pull/604,7,1097,"Y,core","Y,others",N,N,Merged.,0,4175,0,916,2175,doanduyhai,0,4,2175,AMZVZJL54O491
143,1,37Z929RLGAWCWE3S27Y69M87QGFSTE,13,4,,0,justinsb,TRUE,13,2,3,https://github.com/kubernetes/kubernetes/graphs/contributors,"k8s-merge-robot, brendandburns, lavalamp",36,2382,0,1,0,1,1,0,1,0,0,0,0,1,1,0,1,0,199,6032,1233,0,7,dirty,FALSE,1,13,2,5274,4,justinsb,"k8s-merge-robot, brendandburns, lavalamp, smarterclayton, thoockin, wojtek-t, caesarxuchao, derekwaynecarr, gmarek, mikedanese,nikhiljindal","googlebot, k8s-teamcity-mesosphere, therc, k8s-bot, quinton-hoole,",7,0.7,https://github.com/kubernetes/kubernetes/pull/19445,244,6032,"Y,core","Y,core",N,"Y,not fit.","Rej, implemented.",0.83,50350,0,179,18372,justinsb,0,70,18372,AMZVZJL54O491
2206,0,3A4NIXBJ77NLF6II910TBMZK4FXLMG,13,70,450,0,guobingkun,FALSE,13,1,14,https://github.com/druid-io/druid/graphs/contributors,"fjy, xvrl, gianm",355,282,0,0,0,0,0,0,0,1,0,0,1,0,0,0,0,0,45,943,1236,0,1,dirty,FALSE,1,13,1,568,5,guobingkun,"fjy, xvrl, gianm, nishantmonu51, cheddar, drcrallen","himanshug,",5,0.19,https://github.com/druid-io/druid/pull/2242,38,943,N,N,"Y,improve",N,"Rej, not sure.",0.92,13245,0,2561,3968,guobingkun,1,8,3968,AMZVZJL54O491
1127,0,3LYA37P8IRBEC9W3XCYJI6BB3GDKBC,14,15,,0,alcaeus,FALSE,14,7,72,https://github.com/alcaeus/mongo-php-adapter/graphs/contributors,"alcaeus, RageZBla",78,1511,0,1,0,1,1,0,1,1,1,0,0,0,0,0,0,0,942,27,1242,0,0,dirty,FALSE,0,14,7,5,3,ragezbla,"alcaeus, RageZBla, bashofmann","jmkola,",3,0.01,https://github.com/alcaeus/mongo-php-adapter/pull/20,6,27,"Y,core","Y,core","Y,bug",N,"Rej, not sure.",0.17,341,0,1205,104,RageZBla,0,1,104,AMZVZJL54O491
54,0,3WAKVUDHUX45DTYPE9Q5JRYDMGB7UZ,14,7,1056,0,xuorig,FALSE,14,1,1,https://github.com/activemerchant/active_merchant/graphs/contributors,"ntalbott, duff, melari",55,1287,0,0,0,0,0,0,0,0,0,0,0,1,0,1,0,0,2,1961,1268,0,0,dirty,FALSE,0,14,1,121,4,xuorig,"ntalbott, duff, melari, soleone, jduff, bizla,",krysosterone,4,0.62,https://github.com/activemerchant/active_merchant/pull/1992,1,1961,N,N,N,"Y, no value","Rej, not sure.",0,5866,0,109,3453,xuorig,0,3,3453,AMZVZJL54O491
641,1,3OVHNO1VE7P2G1T9B9SZ0BNOA8OZD2,15,21,,0,colhom,TRUE,15,13,39,https://github.com/coreos/coreos-kubernetes/graphs/contributors,"aaronlevy, colhom",435,1571,0,1,0,1,1,0,1,1,0,1,1,1,1,1,1,0,0,332,1289,0,3,dirty,FALSE,0,15,13,139,4,colhom,"aaronlevy, colhom,bcwaldon,robszumski,pbx0,cgag,joshix",jeffb-stell,4,0.57,https://github.com/coreos/coreos-kubernetes/pull/240,9,332,"Y,core","Y,core","Y,improve|Y,inconsistency","Y,not fit.|Y, no value|Y,others","Rej, implemented.",0.67,174,0,1076,717,colhom,0,4,717,AKYJHE7UIR7FY
495,0,340UGXU9DZP7OJZLW7TLP5EG962VUG,16,2,,0,chinmaykolhatkar,FALSE,16,5,0,https://github.com/apache/incubator-apex-malhar/graphs/contributors,"tweise, amolhkekre, chandnisingh",0,238,0,1,0,1,0,0,0,1,0,1,1,1,0,0,0,0,396,108,1295,0,0,dirty,FALSE,0,16,5,31,4,chinmaykolhatkar,"siyuanh, nickholub, PramodSSImmaneni, ilooner, chaithu14, davidyan74, tushargosavi, gauravgopi123, tweise, sandeepdeshmukh, 243826, ashwinchandrap, andyperlitch, chandnisingh, sashadt",{},5,0.13,https://github.com/apache/incubator-apex-malhar/pull/157,1,108,"Y,core",N,"Y,improve|Y,inconsistency","Y,others","Rej, not sure.",0,10250,0,495,66,chinmaykolhatkar,0,9,66,ABFSVRWVFHZ6P
99,0,39ASUFLU6YVI3C7U6MFY98PY3SIXE4,16,4,1256,1,domcleal,TRUE,16,1,13,https://github.com/theforeman/foreman/graphs/contributors,"ohadlevy, domcleal, isratrade",106,1798,0,0,0,0,0,0,0,0,0,0,0,0,0,0,1,0,225,565,1305,0,1,dirty,FALSE,0,16,1,87,7,dLobatog,"ohadlevy, domcleal, isratrade, bgupta, logicminds",theforeman-bot,7,0,https://github.com/theforeman/foreman/pull/3031,206,565,N,N,N,N,"Rej, implemented.",0.02,4214,0,205,1110,dLobatog,1,5,1110,ABFSVRWVFHZ6P
309,0,3NJM2BJS4XUYX5LPO4ZMP73SG9LCPB,17,17,,0,asfgit,TRUE,17,11,0,https://github.com/apache/spark/graphs/contributors,"mateiz, rxin, pwendell",63,2579,0,0,0,0,1,0,1,1,0,0,1,0,0,0,1,1,139,10000,1326,0,0,dirty,FALSE,0,17,11,451,4,davies,"mateiz, rxin, pwendell, JoshRosen, tdas, ankurdave, srowen, marmbrus, ScrapCodes, aarondav, andrewor14, kayousterhout","SparkQA, aray,",5,0.01,https://github.com/apache/spark/pull/10677,371,10000,N,"Y,core","Y,improve",N,Merged.,0,26011,0,372,10712,davies,0,16,10712,ABFSVRWVFHZ6P
143,0,3FTYUGLFSV949N9K4LLJB7GTABMD5K,18,1,,0,vijaykiran,FALSE,18,4,3,https://github.com/apache/spark/graphs/contributors,"mateiz, rxin, pwendell",118,2676,0,0,0,0,0,0,0,0,0,0,0,0,0,0,1,0,818,10000,1334,0,0,dirty,FALSE,0,18,4,451,5,vijaykiran,"mateiz, rxin, pwendell, JoshRosen, tdas, ankurdave, srowen, marmbrus, ScrapCodes, aarondav, andrewor14, kayousterhout, jegonzal,  holdenk, markhamstra, mengxr","vijaykiran, SparkQA",5,0.02,https://github.com/apache/spark/pull/10598,1,10000,N,N,N,N,"Rej, implemented.",0,26011,0,261,10712,vijaykiran,0,16,10712,ABFSVRWVFHZ6P
117,0,3QUO65DNQVCCYZQOVV77UDK8C62UOV,18,11,,0,mikemcquaid,TRUE,18,12,0,https://github.com/Homebrew/homebrew/graphs/contributors,"BrewTestBot, jacknagel, adamv",19,2312,0,1,0,1,1,0,1,0,0,0,0,0,0,0,1,0,652,13988,1347,0,2,dirty,FALSE,0,18,12,1,6,MikeMcQuaid,"BrewTestBot, jacknagel, adamv, mikemcquaid, asparagui, domt4, xu-cheng, mxcl","dunn, ilovezfs,",7,0,https://github.com/Homebrew/homebrew/pull/47888,310,13989,"Y,core","Y,core",N,N,"Rej, implemented.",0.03,586,0,136,29468,mikemcquaid,1,9,29468,AMZVZJL54O491
810,0,33PPUNGG39TWHBCETANJ504SPBQZRN,19,4,,0,sindresorhus,FALSE,19,1,2,https://github.com/sindresorhus/ava-docs/graphs/contributors,"forresst, AlbertoFuente",0,680,0,1,0,1,0,0,0,1,0,0,1,0,0,0,1,0,460,36,1354,0,0,dirty,FALSE,0,19,1,2,3,AlbertoFuente,"forresst, AlbertoFuente, charbelrami, sohje, 5preco21, sindresorhus",{},3,1.2,https://github.com/sindresorhus/ava-docs/pull/7,1,36,"Y,core",N,"Y,improve",N,"Rej, implemented.",0,0,1,810,102,AlbertoFuente,0,1,102,A1WSTW4R68I8KI
50,1,3Z3ZLGNNSJIVKHQLVO3AW9P8EU63QA,19,2,187,0,josephsavona,FALSE,19,2,2,https://github.com/facebook/relay/graphs/contributors,"josephsavona, yungsters, steveluscher",3,2289,0,1,0,1,0,1,1,0,0,0,0,1,0,1,0,0,9,616,1356,0,1,dirty,FALSE,0,19,2,143,6,skevy,"josephsavona, yungsters, steveluscher, wincent, kassens","pthrasher, hzoo, dmitrysoshniikov,",7,1,https://github.com/facebook/relay/pull/714,2,616,"Y,core","Y,others",N,"Y, no value","Rej, not sure.",0,2331,0,53,7429,skevy,0,1,7429,AMZVZJL54O491
1857,1,3QL2OFSM976YUK9C8PMULIYXGWYNC8,19,26,,0,andrewimm,TRUE,19,10,53,https://github.com/ParsePlatform/Parse-SDK-JS/graphs/contributors,"andrewimm, peterdotjs",688,1874,1,1,0,1,0,0,0,0,0,0,0,0,0,0,1,1,1,276,1372,0,2,dirty,TRUE,1,19,10,57,6,{},"andrewimm, peterdotjs, wangmengyan95, stanleyw, gfosco","roddylindsay, grantland, hallucinogen, facebook-github-bot",7,0.29,https://github.com/ParsePlatform/Parse-SDK-JS/pull/164,9,276,"Y,core",,N,N,Merged.,1,767,0,2545,485,andrewimm,0,1,485,ABFSVRWVFHZ6P
51,0,3H7Z272LX8VR09FV1HSLSQTFAKELPJ,20,3,,0,jasnell,FALSE,20,1,0,https://github.com/nodejs/node/graphs/contributors,"ry, bnoordhuis, isaacs",0,2315,0,1,0,1,0,0,0,0,0,0,0,0,0,0,1,0,21,4928,1375,0,2,dirty,FALSE,0,20,1,905,6,feross,"ry, bnoordhuis, isaacs, indutny, piscisaureus, jasnell","tejasmanohar, feross",9,0.08,https://github.com/nodejs/node/pull/4518,1,4929,"Y,core",N,N,N,"Rej, implemented.",0,5349,0,51,28838,feross,1,18,28840,ABFSVRWVFHZ6P
229,0,3C6FJU71TRHOSDUQ1IG5W4IAQGSUYX,20,8,,0,JerrySievert,FALSE,20,3,0,https://github.com/plv8/plv8/graphs/contributors,"umitanuki, JerrySievert",190,2557,0,1,0,1,1,0,1,1,1,0,0,1,0,1,0,0,1009,37,1387,0,0,dirty,FALSE,0,20,3,26,4,dacjames,"umitanuki, JerrySievert,itgacky","infusion, jerrysievert",4,0,https://github.com/plv8/plv8/pull/140,1,37,"Y,core","Y,core","Y,bug","Y, no value","Rej, not sure.",0,149,0,419,375,dacjames,0,0,375,AMZVZJL54O491
8,0,3K3R2QNK8CR9RCMIT6OPXNPJH6SU9R,21,1,1150,0,rkuhn,FALSE,21,1,0,https://github.com/akka/akka/graphs/contributors,"viktorklang, patriknw, rkuhn",1,2232,0,1,0,1,0,0,0,1,1,0,0,1,0,0,0,0,6,2006,1390,0,1,dirty,FALSE,0,21,1,525,6,briantopping,"viktorklang, patriknw, rkuhn,jboner,pvlugter,ktoso,bantonsson,krasserm,jrudolph","2beaucoup, akka-ci, briantopping",6,0.12,https://github.com/akka/akka/pull/19363,5,2006,"Y,core",N,"Y,bug","Y,others","Rej, not sure.",0.4,11597,0,9,6290,briantopping,0,12,6290,AMZVZJL54O491
0,0,3IQ1VMJRYU8PC38KN17YXMDPB7TA9X,21,0,,0,paramat,FALSE,21,0,4,https://github.com/minetest/minetest_game/graphs/contributors,"paramat, sofar",0,576,0,1,1,1,0,1,1,0,0,0,0,0,0,0,1,0,1,266,1402,0,0,dirty,FALSE,0,21,0,66,14,kilbith,"paramat, celeron55","MoNTE48, NathanSalapath, C1ffisme, Fixer-007, dragonpop, 0-afflatus",14,0.03,https://github.com/minetest/minetest_game/pull/777,16,267,"Y,core|Y,others","Y,others",N,N,"Rej, implemented.",0,325,0,0,467,kilbith,0,1,467,ABFSVRWVFHZ6P
31,0,3VBEN272MLN8R9HMI7ZZA3TI0OUGSK,22,5,201,0,mgreter,FALSE,22,1,22,https://github.com/sass/libsass/graphs/contributors,"mgreter, xzyfer",7,1025,0,1,0,1,1,0,1,0,0,0,0,0,0,0,1,1,613,358,1407,0,3,dirty,FALSE,1,22,1,61,5,am11,"mgreter, xzyfer, uberska","xzyfer, xoofx, saper, drewwells,",6,0.11,https://github.com/sass/libsass/pull/1821,28,358,"Y,core","Y,core",N,N,Merged.,0.79,1239,1,38,3312,am11,1,2,3312,AMZVZJL54O491
30,0,3IGI0VL6488Z396FYUVLGISE5HBNOD,22,2,,0,tomgco,FALSE,22,1,1,https://github.com/nodejs/node/graphs/contributors,"ry, bnoordhuis, isaacs",1,1850,0,1,0,1,0,1,1,0,0,0,0,0,0,0,0,0,3,4928,1416,0,2,dirty,FALSE,0,22,1,905,7,tomgco,"ry, bnoordhuis, isaacs, indutny, piscisaureus, jasnell","tomgco, kunalspathak",8,0.07,https://github.com/nodejs/node/pull/4585,11,4929,"Y,core","Y,others",N,N,"Rej, not sure.",0,5349,0,31,28838,tomgco,1,17,28840,ABFSVRWVFHZ6P
83,0,3L6L49WXW1LR9RQRBAKQ83MNWXT54W,25,3,833,0,Scottmitch,TRUE,25,1,0,https://github.com/netty/netty/graphs/contributors,"trustin, normanmaurer, Scottmitch",38,1909,0,1,0,1,1,0,1,1,0,0,1,1,1,0,1,0,132,4176,1451,0,0,dirty,FALSE,0,25,1,345,7,normanmaurer,"trustin, normanmaurer, Scottmitch, fredericbregier,cruzbishop","netkins, buchgr, rkapsi, nmittler, blucas,",8,0,https://github.com/netty/netty/pull/4661,450,4176,"Y,core","Y,core","Y,improve","Y,not fit.","Rej, implemented.",0.07,12488,0,121,8226,normanmaurer,1,4,8226,AMZVZJL54O491
1169,0,3TVSS0C0E2O53VK1MC876BBSWUSTWD,25,62,,0,jsight,TRUE,25,5,31,https://github.com/windup/windup/graphs/contributors,"jsight, OndraZizka, lincolnthree",15,1410,0,1,0,1,0,0,0,0,0,0,0,0,0,0,1,1,3,81,1455,0,1,dirty,FALSE,0,25,5,40,3,mbriskar,"jsight, OndraZizka, lincolnthree, bradsdavis, mbriskar",windupgithubbot1,3,0.01,https://github.com/windup/windup/pull/805,105,81,"Y,core",N,N,N,Merged.,0.75,5172,0,1184,63,mbriskar,0,5,63,AMZVZJL54O491
84,0,3GU1KF0O4JPFN0TJA43RENXAXRYBPL,25,12,,0,asfgit,TRUE,25,16,6,https://github.com/apache/spark/graphs/contributors,"mateiz, rxin, pwendell",64,1102,0,1,0,1,0,0,0,0,0,0,0,0,0,0,1,0,144,10000,1459,0,0,dirty,FALSE,0,25,16,451,5,cloud-fan,"mateiz, rxin, pwendell, joshrosen, davies, tdas, liancheng, zdxwing, cloud-fan, mengxr, srowen, marmbrus, yhuai, ankurdave","felixcheung, shivaram, rxin",7,0.01,https://github.com/apache/spark/pull/10703,220,10000,"Y,core",N,N,N,"Rej, implemented.",0,26011,0,148,10712,cloud-fan,0,16,10712,AMZVZJL54O491
130,1,3WETL7AQWUW6RV7NBWF7YYUHIZF35V,26,10,,1,EToreo,FALSE,26,23,22,https://github.com/sequelize/sequelize/graphs/contributors,"mickhansen, sdepold, janmeier",24,1491,0,0,0,0,1,0,1,1,1,0,0,1,0,1,0,0,286,1595,1463,0,0,dirty,FALSE,0,26,23,778,3,EToreo,"mickhansen, sdepold, janmeier","rmzg,",4,0.41,https://github.com/sequelize/sequelize/pull/5157,3,1595,N,"Y,core","Y,bug","Y, no value","Rej, not sure.",0.33,2387,0,154,7968,EToreo,0,4,7968,AMZVZJL54O491
311,0,3II4UPYCOKVT29SIOD9M9IBK565DQQ,27,8,443,1,facebook-github-bot-3,FALSE,27,1,3,https://github.com/facebook/react-native/graphs/contributors,"vjeux, nicklockwood, mkonicek",2,1406,0,1,0,1,1,0,1,1,0,0,1,0,0,0,1,0,11,9091,1469,0,3,dirty,FALSE,0,27,1,996,4,skv-headless,"vjeux, nicklockwood, mkonicek, vjeux, tadeuzagallo, javache, sahrens, martinbigio","eslint-bot, satya164,facebook-github-bot,skv-headless",5,0.53,https://github.com/facebook/react-native/pull/5152,4,9091,"Y,core","Y,core","Y,improve",N,"Rej, implemented.",0.5,7646,0,313,40280,skv-headless,0,19,40284,AMZVZJL54O491
210,1,3KYQYYSHYWVQHXF290HIKDGKQ6PDOM,27,2,533,0,jayunit100,TRUE,27,1,13,https://github.com/kubernetes/kubernetes/graphs/contributors,"k8s-merge-robot, brendandburns, lavalamp",152,1683,0,1,0,1,0,0,0,0,0,0,0,1,1,1,1,0,2,6032,1474,0,2,dirty,FALSE,0,27,1,5274,7,jayunit100,"k8s-merge-robot, brendandburns, lavalamp, smarterclayton, thoockin, wojtek-t, caesarxuchao, derekwaynecarr, gmarek, mikedanese,nikhiljindal","ixdy, pmorie, timothysc, liggitt,",9,0.73,https://github.com/kubernetes/kubernetes/pull/19476,96,6033,"Y,core",N,N,"Y,not fit.|Y, no value","Rej, implemented.",0.73,50350,0,362,18372,jayunit100,1,70,18373,AMZVZJL54O491
116,1,3FTOP5WARGCIH2NBHB1IXAFFXM80JX,28,3,6,1,Lukasa,FALSE,28,23,0,https://github.com/shazow/urllib3/graphs/contributors,"shazow, Lukasa, t-8ch",5,1199,0,1,0,1,0,0,0,1,0,1,1,0,0,0,1,0,33,389,1477,0,2,dirty,FALSE,0,28,23,119,4,ml31415,"shazow, Lukasa, t-8ch, sigmavirus24, jonparrott, schlamar, kevinburke, jschneier",ml31415,4,0.18,https://github.com/shazow/urllib3/pull/775,4,389,"Y,core",N,"Y,improve|Y,inconsistency",N,"Rej, implemented.",0.75,599,0,121,1156,ml31415,0,3,1156,A1WSTW4R68I8KI
182,1,39OWYR0EPLFZ9VX06TL6A4H7GS4FY8,30,9,,0,lzap,TRUE,30,1,15,https://github.com/theforeman/foreman/graphs/contributors,"ohadlevy, domcleal, isratrade",1,1166,0,0,0,0,1,0,1,1,0,1,0,1,0,1,1,1,98,565,1492,0,1,dirty,FALSE,0,30,1,87,5,xprazak2,"ohadlevy, domcleal, isratrade, abenari, DLobatog, ares, tbrisker, lzap","theforeman-bot, shimshtein, tsrachota",6,0,https://github.com/theforeman/foreman/pull/3025,29,565,N,"Y,core","Y,inconsistency","Y, no value",Merged.,0,4214,0,183,1110,xprazak2,0,5,1110,AMZVZJL54O491
1,0,3T111IHZ5FEHBKU1PCTKSC2ZA879RN,14,1,13,1,,FALSE,14,1,0,https://github.com/jruby/activerecord-jdbc-adapter/graphs/contributors,"kares, nicksieger",1,1653,0,0,0,0,0,0,0,1,1,0,0,1,0,1,0,0,1195,309,10001,0,0,dirty,FALSE,1,14,1,67,5,trak3r,"kares, nicksieger,donv","slorek, jhiggins, kares,",6,1.89,https://github.com/jruby/activerecord-jdbc-adapter/pull/233,1,309,N,N,"Y,bug","Y, no value","Rej, not sure.",0,1594,0,2,408,,0,1,408,AMZVZJL54O491
0,0,3OB0CAO74IDJNRO61J96DPTKXA1HYZ,31,0,,0,,FALSE,31,0,0,https://github.com/symfony/symfony/graphs/contributors,"fabpot, nicolas-grekas, webmozart",0,496,0,1,0,1,0,0,0,1,0,1,0,1,0,1,1,0,22,5113,10003,0,0,dirty,FALSE,0,31,0,799,10,sc0ttkclark,"fabpot, nicolas-grekas, webmozart, kriswallsmith, pborreli, romainneutron","sc0ttkclark, travisbot, mevers47, Fonsini, Jaza, shacharsol",11,0.25,https://github.com/symfony/symfony/pull/5248,1,5113,"Y,core",N,"Y,inconsistency","Y, no value","Rej, implemented.",0,12271,0,0,13266,,0,22,13266,ABFSVRWVFHZ6P
37,0,3Y54SXRO1M9SBRVWRCT6ONQVBD2UTY,6,2,,0,,FALSE,6,1,5,https://github.com/emberjs/ember.js/graphs/contributors,"rwjblue, stefanpenner, wagenet",1,1314,0,0,1,1,0,1,1,1,1,0,0,0,0,0,0,0,949,3601,10004,0,0,dirty,FALSE,0,6,1,233,4,tchak,"rwjblue, stefanpenner, wagenet, wycats, ebryn, krisselden, mmun, tricknotes, mixonic, ef4","pangratz, devinus, tchak",5,0.19,https://github.com/emberjs/ember.js/pull/365,5,3601,"Y,others","Y,others","Y,bug",N,"Rej, not sure.",0.2,3333,0,38,17102,,1,9,17102,AMZVZJL54O491
0,0,32EYX73OY1XFVCI4NNOBO8PDNTHRUW,31,0,,0,,FALSE,31,0,0,https://github.com/tastejs/todomvc/graphs/contributors,"sindresorhus, passy, addyosmani",0,495,0,1,0,1,1,0,1,0,0,0,0,0,0,0,0,0,26,10904,10006,0,1,dirty,FALSE,1,31,0,123,3,mikaelkraaron,"sindresorhus, passy, addyosmani, arthurvr, samccone, stephenplusplus",none,3,1.4,https://github.com/tastejs/todomvc/pull/120,1,10903,"Y,core","Y,core",N,N,"Rej, not sure.",0,88,0,0,19087,,0,2,19088,AMZVZJL54O491
4142,0,3WMOAN2SRCLUTTFCZ6HZBAMM13CNV5,13,158,3,0,,FALSE,14,1,204,https://github.com/laravel/framework/graphs/contributors,"taylorotwell, GrahamCampbell, lucasmichot",4142,594,0,0,0,0,0,0,0,1,0,0,1,0,0,0,1,0,4,3706,10007,0,0,dirty,FALSE,0,14,1,77,5,unknown repository,"taylorotwell, GrahamCampbell, lucasmichot, themsaid","RSully, jonphipps, zantx3",7,0.19,https://github.com/laravel/framework/pull/720,6,3706,N,N,"Y,improve",N,"Rej, implemented.",0.83,3807,1,8284,6197,,0,3,6197,ABFSVRWVFHZ6P
50,0,3QY5DC2MXS8ISMDVWSOH7JBUK4EFUV,21,3,,0,,TRUE,21,5,0,https://github.com/Quicksilver/quicksilver/graphs/contributors,"pjrobertson, skurfer, tiennou",11,527,0,0,0,0,1,0,1,1,1,0,1,1,1,0,0,0,11,253,10008,0,0,dirty,FALSE,0,21,5,336,5,pjrobertson,"pjrobertson, skurfer, tiennou, andreberg, HenningJ, craigotis, fheckl",BurningTyger,5,0.25,https://github.com/Quicksilver/quicksilver/pull/219,4,253,N,"Y,core","Y,bug|Y,improve","Y,not fit.","Rej, not sure.",0.75,2849,0,61,2072,,1,4,2072,AMZVZJL54O491
101,0,3ZR9AIQJUCXSEK4QE4EER8QWFRB043,4,7,,0,,TRUE,4,1,0,https://github.com/playframework/playframework/graphs/contributors,"jroper, pk11, guillaumebort",48,1169,0,0,1,1,1,0,1,1,0,0,1,0,0,0,1,0,843,2975,10009,0,0,dirty,FALSE,0,4,1,272,4,jroper,"jroper, pk11, guillaumebort","betehess,mandubian,mgibowski",6,0.13,https://github.com/playframework/playframework/pull/469,19,2975,"Y,others","Y,core","Y,improve",N,"Rej, implemented.",0.68,3798,0,149,8601,,1,10,8601,A1WTD5OHCQS3TG
436,0,3VHHR074H452U3BV5VY4S42UARU7LM,13,9,,0,,TRUE,13,1,0,https://github.com/OpenImageIO/oiio/graphs/contributors,"lgritz, edgarv",0,615,0,0,0,0,0,0,0,0,0,0,0,1,0,0,1,0,196,236,10010,0,0,dirty,FALSE,0,13,1,85,3,matekm,"lgritz, edgarv, matekm, inequation, fpsunflower, cmstein",{},3,0.39,https://github.com/OpenImageIO/oiio/pull/82,1,236,N,N,N,"Y,others","Rej, implemented.",0,6526,0,436,486,,0,2,486,ABFSVRWVFHZ6P
0,0,3VE8AYVF8NLKUP6ITPNCBRT5NDTF8M,18,0,,0,,TRUE,18,0,5,https://github.com/linuxmint/Cinnamon/graphs/contributors,"clefebvre, mtwebster, glebihan",0,468,0,0,0,0,0,1,1,1,1,0,0,0,0,0,0,0,28,400,10011,0,0,dirty,FALSE,0,18,0,897,2,autakper,"clefebvre, mtwebster, glebihan, dalcde, autarkper, josephmcc",cobinja,2,0.08,https://github.com/linuxmint/Cinnamon/pull/1003,48,400,N,"Y,others","Y,bug",N,"Rej, not sure.",0.77,4497,0,0,1881,,0,7,1882,AMZVZJL54O491
0,1,3XUHV3NRVLMLL3EMQH492SVR12Q5HT,9,0,,0,,FALSE,9,0,16,https://github.com/owncloud/apps/graphs/contributors,"tanghus, owncloud-bot, DeepDiver1975",0,373,0,1,0,1,1,0,1,1,0,1,0,0,0,0,1,0,26,382,10012,0,0,dirty,FALSE,0,9,0,192,4,raghunayyar,"tanghus, owncloud-bot, DeepDiver1975, icewind1991, BernhardPosselt, bartv2, MTGap, blizzz, #9arkascha, eMerzh",No external developers found,4,0.06,https://github.com/owncloud/apps/pull/1,1,382,"Y,core","Y,core","Y,inconsistency",N,"Rej, implemented.",0,4567,0,0,406,,1,18,406,AMZVZJL54O491
60,0,3WI0P0II62GTEA7I1SYME8LP1SDRDB,35,2,,1,,FALSE,35,11,0,https://github.com/jashkenas/backbone/graphs/contributors,"jashkenas, braddunbar, akre54",6,654,0,1,1,1,0,1,1,0,0,0,0,0,0,0,1,0,1002,5640,10013,0,0,dirty,FALSE,0,35,11,73,16,{},"jashkenas, braddunbar, akre54, caseywebdev,jridgewell,tgriesser,","studgeek, RStankov, gydstedt, Blakewilliams, jergason, caseywebdev, khepin, philfreo, jdalton, thriesser, mfoster, gsamokovarov, thecloudlesssky, powmedia,",18,0.77,https://github.com/jashkenas/backbone/pull/697,5,5640,"Y,core|Y,others","Y,others",N,N,"Rej, implemented.",0.8,481,1,66,25732,,0,1,25732,AMZVZJL54O491
46,0,3SLE99ER0O1914VPXD1T5LZO8W1ZB3,16,2,,0,,TRUE,16,2,4,https://github.com/numpy/numpy/graphs/contributors,"charris, teoliphant, cournape",9,854,0,0,0,0,0,0,0,1,0,0,1,1,0,1,0,0,12,1783,10014,0,0,dirty,FALSE,0,16,2,1317,5,juliantaylor,"rgommers, jaimefrio, pv, certik, teoliphant, rkern, njsmith, stefanv, charris, cournape, ahaldane, seberg, mwiebe, juliantaylor",FreddieWitherden,5,0.13,https://github.com/numpy/numpy/pull/3306,5,1784,N,N,"Y,improve","Y, no value","Rej, not sure.",0.8,13845,0,55,3538,,0,11,3538,ABFSVRWVFHZ6P
0,0,3VHHR074H452U3BV5VY4S42U9QN7LC,14,0,35,1,,FALSE,14,0,11,https://github.com/appium/appium/graphs/contributors,"jlipps, bootstraponline, sebv",0,254,0,1,0,1,1,0,1,1,0,0,1,1,0,1,0,0,14,2346,10015,0,0,dirty,FALSE,0,14,0,762,5,tokunbo,"jlipps, bootstraponline, sebv,imurchie,sourishkrout,jonahss","penguinho, xuru, tokunbo",5,0.1,https://github.com/appium/appium/pull/793,2,2346,"Y,core","Y,core","Y,improve","Y, no value","Rej, not sure.",0.5,82,0,0,4341,,0,5,4341,AMZVZJL54O491
118,0,3XUHV3NRVLMLL3EMQH492SVR25UH5G,11,3,,0,,FALSE,11,1,2,https://github.com/drothlis/stb-tester/graphs/contributors,"drothlis, wmanley",32,30,0,1,0,1,0,0,0,0,0,0,0,0,0,0,0,0,1269,52,10017,0,0,dirty,FALSE,0,11,1,24,2,szemate,"drothlis, wmanley",{},2,0.02,https://github.com/drothlis/stb-tester/pull/9,1,52,"Y,core",N,N,N,"Rej, not sure.",0,717,0,150,74,,0,1,74,ABFSVRWVFHZ6P
23,0,3WQQ9FUS6BIUH8U2ON1GS12K8FE8BA,10,2,,0,,FALSE,10,2,0,https://github.com/mxcl/homebrew/graphs/contributors,"BrewTestBot, jacknagel, adamv",0,666,0,0,0,0,1,0,1,0,0,0,0,1,0,1,0,0,648,13988,10020,0,0,dirty,FALSE,0,10,2,1,3,jpld,"BrewTestBot, jacknagel, adamv, mikemcquaid, asparagui, domt4, xu-cheng, mxcl, mistydemeo,",none,3,0,https://github.com/mxcl/homebrew/pull/3403,0,13989,N,"Y,core",N,"Y, no value","Rej, not sure.",0,586,0,23,29468,,0,4,29468,AMZVZJL54O491
2683,0,3IRIK4HM3B8QNZ3K980DJ7CBWWYC63,11,82,,0,liach,FALSE,11,2,3,https://github.com/SpongePowered/SpongeAPI/graphs/contributors,"gabizou, Zidane, Minecrell",76,579,0,0,1,1,1,1,1,1,1,0,0,1,0,1,0,0,324,353,1117,0,0,dirty,FALSE,0,11,2,173,5,liach,"gabizou, Zidane, Minecrell, zml2008,","kashike, liach, Tzky,",9,0.2,https://github.com/SpongePowered/SpongeAPI/pull/1012,1,353,"Y,others","Y,core|Y,others","Y,bug","Y, no value",NN,0,5739,0,2759,845,liach,0,9,845,A2958TQAW43MP6
83,0,3N4BPTXIO9GT8859X3FENW307M0UK6,12,23,,1,ChengTiesheng,FALSE,12,12,2,https://github.com/appc/cni/graphs/contributors,"steveeJ, eyakubovich",9,211,0,1,0,1,0,0,0,1,0,0,1,0,0,0,0,0,469,113,1181,0,2,dirty,FALSE,0,12,12,88,4,ChengTiesheng,"steveeJ, jonboulle, dcbw, squaremo, eyakubovich, philips, tomdee, rosenhouse, zachgersh",ChengTiesheng,4,0.56,https://github.com/appc/cni/pull/94,2,113,"Y,core",N,"Y,improve",N,NN,0.5,276,0,92,363,ChengTiesheng,0,2,363,ABFSVRWVFHZ6P
98,0,3DR23U6WE62BMVYA1CE1K54SZUPET2,13,1,,0,csnover,TRUE,13,2,15,https://github.com/scummvm/scummvm/graphs/contributors,"fingolfin, dreammaster, sev-",116,2111,0,0,0,0,1,0,1,1,0,0,1,1,1,0,0,0,502,336,1202,0,0,dirty,FALSE,0,13,2,11,3,csnover,"fingolfin, dreammaster, sev-, csnover, bluegr, Strangerke, ordhoto, m-kiewitz, eriktorbjorn, aquadran, clone2727, DrMcCoy",na,3,0.02,https://github.com/scummvm/scummvm/pull/645,2,336,N,"Y,core","Y,improve","Y,not fit.",NN,0.5,75462,0,214,675,csnover,1,18,675,A38NFX88VZDMJ3
177,0,3VFJCI1K40NWQUH93IZUKTONT69RGQ,13,9,,0,saghul,FALSE,13,1,23,https://github.com/libuv/libuv/graphs/contributors,"bnoordhuis, piscisaureus, saghul",0,1183,0,0,0,0,0,0,0,1,0,0,1,0,0,0,0,0,917,859,1206,0,0,dirty,FALSE,0,13,1,125,3,cjihrig,"bnoordhuis, piscisaureus, saghul, ry, indutny","sam-github, cjihrig",4,0,https://github.com/libuv/libuv/pull/672,5,859,N,N,"Y,improve",N,NY,0,2216,0,177,5153,cjihrig,1,4,5154,ABFSVRWVFHZ6P
189,0,379J5II41P4N3IQ5S3CAYEUB8J8LEI,13,3,,1,peterbarker,FALSE,13,7,24,https://github.com/dronekit/dronekit-python/graphs/contributors,"tcr3dr, hamishwillee, geeksville",2,1128,0,1,0,1,1,0,1,1,1,0,0,0,0,0,0,0,833,222,1209,0,0,dirty,FALSE,0,13,7,133,4,squilter,"hamishwillee, peterbarker, krufab, geeksville, mrpollo, tcr3dr",squilter,4,0,https://github.com/dronekit/dronekit-python/pull/509,2,222,"Y,core","Y,core","Y,bug",N,NN,0,153,0,191,211,squilter,1,3,211,ABFSVRWVFHZ6P
521,1,3AZHRG4CU587WOLMEQ9VH3YRGBV30M,13,9,,0,superkhau,FALSE,13,25,10,https://github.com/strongloop/loopback-connector-remote/graphs/contributors,"bajtos, kraman",368,1737,0,0,0,0,1,0,1,0,0,0,0,0,0,0,0,0,613,13,1217,0,0,dirty,FALSE,0,13,25,17,3,glesage,"Amir-61, bajtos, rmg, richardpringle, kraman, ritch, superkhau","glesage, slnode, altsang",4,4.5,https://github.com/strongloop/loopback-connector-remote/pull/30,2,13,N,"Y,core",N,N,NN,0.5,33,0,889,10,glesage,0,1,10,ABFSVRWVFHZ6P
175,0,3AWETUDC93GJOC9V3NTAR831E3ZIZI,13,16,,0,jhpark816,TRUE,13,5,14,https://github.com/naver/arcus-java-client/graphs/contributors,"jhpark816, whchoi83",99,997,0,0,0,0,1,0,1,0,0,0,0,0,0,0,0,0,1,11,1222,0,0,dirty,FALSE,0,13,5,7,3,whchoi83,"jhpark816, whchoi83, aiceru, hoonmin",@jhpark816,3,0.04,https://github.com/naver/arcus-java-client/pull/41,4,11,N,"Y,core",N,N,NY,0.5,2089,1,274,12,whchoi83,0,3,12,A2958TQAW43MP6
204,0,3NQL1CS15SWO5SJQ68QASQKUJ7IVYP,13,5,103,0,facebook-github-bot-6,FALSE,13,4,1,https://github.com/facebook/buck/graphs/contributors,"andrewjcg, bolinfest, bhamiltoncx",0,2383,0,0,0,0,0,0,0,0,0,0,0,0,0,0,0,0,0,566,1228,0,2,dirty,FALSE,0,13,4,197,3,grumpyjames,"andrewjcg, bolinfest, bhamiltoncx, ryu2","grumpyjames, facebook-github-bot, sdwilsh",3,0.19,https://github.com/facebook/buck/pull/611,22,566,N,N,N,N,NN,0,18987,0,204,3256,grumpyjames,0,1,3256,ABFSVRWVFHZ6P
72,0,3UJ1CZ6IZIDABCS21BG8662TNJZS5I,14,3,196,0,jayunit100,FALSE,14,2,0,https://github.com/openshift/origin/graphs/contributors,"openshift-bot, smarterclayton, deads2k",7,1677,0,0,0,0,1,0,1,1,0,1,0,0,0,0,0,0,270,1337,1243,0,0,dirty,FALSE,0,14,2,1152,4,jayunit100,"rajatchopra, mfojtik, pravisankar, liggitt, danwinship, dcbw, smarterclayton, deads2k, bparees, danmcp, openshift-bot, ncdc, jwforres","jayunit100, timothysc, jeremyeder, pmorie, stevekuznetsov",6,0.07,https://github.com/openshift/origin/pull/6541,3,1338,N,"Y,core","Y,inconsistency",N,NN,0,15488,0,79,1999,jayunit100,0,31,1999,ABFSVRWVFHZ6P
114,0,3AQF3RZ5596XQBNU0AQERDXFW3TF6D,14,1,1129,1,UniqMartin,FALSE,14,1,0,https://github.com/Homebrew/homebrew/graphs/contributors,"BrewTestBot, jacknagel, adamv",0,2678,0,0,0,0,0,0,0,1,0,0,1,0,0,0,0,0,828,13989,1250,0,2,dirty,FALSE,0,14,1,1,4,tonycosentini,"BrewTestBot, jacknagel, adamv, mistydemeo","tonycosentini, UniqMartin, bfontaine, DomT4, MikeMcQuaid",5,0,https://github.com/Homebrew/homebrew/pull/47792,1,13989,N,N,"Y,improve",N,NY,0,586,0,114,29468,tonycosentini,0,9,29468,ABFSVRWVFHZ6P
0,0,3COPXFW7XC0GG3XDGHGKDQG0UIYKP9,15,0,234,0,sykesm,FALSE,15,0,2,https://github.com/pkg/sftp/graphs/contributors,"davecheney, marksheahan",0,951,0,0,1,1,1,0,1,0,0,0,0,0,0,0,0,0,197,91,1269,0,0,dirty,FALSE,0,15,0,26,4,https://github.com/sykesm,"davecheney, marksheahan",https://github.com/marksheahan https://github.com/mdlayher,4,0.73,https://github.com/pkg/sftp/pull/68,2,91,"Y,others","Y,core",N,N,NN,0.5,155,0,0,301,sykesm,0,1,301,AT9K95UXPKH3J
101,1,3ON104KXQLKLMA5B7B7ZY3Z1VNZ4WH,16,5,1105,0,facebook-github-bot-9,FALSE,16,1,5,https://github.com/facebook/react-native/graphs/contributors,"vjeux, nicklockwood, mkonicek",3,2554,0,1,0,1,0,0,0,0,0,0,0,0,0,0,0,0,1265,9084,1292,0,2,dirty,FALSE,0,16,1,994,7,Charca,"foghina, sahrens, javache, spicyj, andreicoman11, AaaChiuuu, satya164, tadeuzagallo, mkonicek, frantic, nicklockwood, cpojer, amasad, brentvatne, a2, vjeux, ide, ericvicenti, martinbigio, bestander","facebook-github-bot, terrysahaidak, kmagiera",6,0.52,https://github.com/facebook/react-native/pull/5105,1,9085,"Y,core",N,N,N,NN,0,7646,0,104,40263,Charca,0,18,40265,ABFSVRWVFHZ6P
123,0,3LRLIPTPERX9TZRBRYYNNVR60KSKA6,17,24,,0,asfgit,TRUE,17,2,8,https://github.com/apache/spark/graphs/contributors,"mateiz, rxin, pwendell",137,1678,0,0,1,1,0,1,1,0,0,0,0,0,0,0,0,0,1359,9997,1317,0,0,dirty,FALSE,0,17,2,449,4,srowen,"ankurdav, mateiz, rxin, pwendell, JoshRosen, tdas, ankurdave, srowen, marmbrus, ScrapCodes, aarondav, andrewor14, kayousterhout, jegonzal,  holdenk, markhamstra, mengxr, jkbradley",thunterdb,4,0.02,https://github.com/apache/spark/pull/10570,237,9997,"Y,others","Y,others",N,N,NY,0,26011,0,260,10703,srowen,1,16,10703,ABFSVRWVFHZ6P
471,0,3MTMREQS4W60OZLSGCHQB6L0KA5AWT,17,11,,0,WonderCsabo,FALSE,17,16,0,https://github.com/excilys/androidannotations/graphs/contributors,"pyricau, WonderCsabo, yDelouis",12,1045,0,1,0,1,0,1,1,1,1,1,0,1,0,0,0,0,14,2299,1318,0,0,dirty,FALSE,0,17,16,69,3,shiraji,"pyricau, WonderCsabo, yDelouis","dodgex,",3,0.49,https://github.com/excilys/androidannotations/pull/1673,10,2299,"Y,core","Y,others","Y,bug|Y,inconsistency","Y,others",NN,0.8,2209,0,483,8513,shiraji,0,3,8513,A2958TQAW43MP6
228,0,3DR23U6WE62BMVYA1CE1K54SZURTEJ,19,6,,0,asfgit,FALSE,19,10,6,https://github.com/apache/spark/graphs/contributors,"mateiz, rxin, pwendell",103,954,0,0,1,1,0,0,0,1,0,0,1,0,0,0,0,0,1382,9997,1359,0,0,dirty,FALSE,0,19,10,449,5,BryanCutler,"mateiz, rxin, pwendell, JoshRosen","SparkQA, thunterdb",5,0.02,https://github.com/apache/spark/pull/10610,23,9997,"Y,others",N,"Y,improve",N,NY,0,26011,0,331,10703,BryanCutler,0,16,10704,A38NFX88VZDMJ3
3599,0,3K4J6M3CXFH4RDVS17D8P3ZCRODAGX,19,162,,1,javiereguiluz,TRUE,19,11,41,https://github.com/javiereguiluz/EasyAdminBundle/graphs/contributors,"javiereguiluz, ogizanagi",107,2461,0,0,1,1,0,1,1,1,0,1,0,0,0,0,0,0,1295,248,1366,0,3,dirty,FALSE,0,19,11,89,5,javiereguiluz,"thomasbeaujean, maldoinc, javiereguiluz","reypm, Pierstoval, rubengc, ogizanagi",5,0.08,https://github.com/javiereguiluz/EasyAdminBundle/pull/784,183,248,"Y,others","Y,others","Y,inconsistency",N,NN,0.42,497,0,3706,1274,javiereguiluz,0,2,1274,ABFSVRWVFHZ6P
0,0,3NOKK93PR2W9XCGDBHP6LJ4S0C4EE4,19,0,,1,balloob,TRUE,19,0,0,https://github.com/balloob/home-assistant/graphs/contributors,"balloob, fabaff, pavoni",0,917,0,0,1,1,0,0,0,0,0,0,0,0,0,0,0,0,1313,1208,1368,0,0,dirty,FALSE,0,19,0,337,5,rmkraus,"´è_´è_´è_´è_rmkraus, jamespcole, rhooper, pavoni, happyleavesaoc, andythigpen, Danielhiversen, philipbl, turbokongen, persandstrom, balloob, robbiet480, MartinHjelmare, kk7ds, jaharkes, fabaff, sfam, theolind, pvizeli, molobrakos, w1ll1am23, tomduijf","maddox, anthonykeane, Bart274",5,0.34,https://github.com/balloob/home-assistant/pull/871,23,1208,"Y,others",N,N,N,NY,0.78,5305,0,0,4615,rmkraus,1,9,4615,ABFSVRWVFHZ6P
26,0,3GFK2QRXXA53IT9BLGQ93V5FU4UW5J,20,4,,0,asfgit,FALSE,20,4,0,https://github.com/apache/spark/graphs/contributors,"mateiz, rxin, pwendell",14,64,0,0,0,0,0,0,0,0,0,0,0,0,0,0,0,0,375,9997,1374,0,0,dirty,FALSE,0,20,4,449,5,QiangCai,"mateiz, rxin, pwendell, srowen",SparkQA,5,0.02,https://github.com/apache/spark/pull/10562,3,9998,N,N,N,N,NN,0,26011,0,40,10703,QiangCai,0,16,10705,AC4COL5N5DF9J
2235,0,351SEKWQS152HUUQWK25S9RF8D4MD1,20,27,,0,antoinesd,TRUE,20,6,3,https://github.com/cdi-spec/cdi/graphs/contributors,"pmuir, antoinesd",12,1871,0,0,0,0,0,1,1,1,1,1,1,0,0,0,0,0,11,34,1377,0,0,dirty,FALSE,0,20,6,12,4,antoinesd,antoinesd,"tremes, mkouba, manovotn, johnament, mp911de",6,0.2,https://github.com/cdi-spec/cdi/pull/270,42,34,N,"Y,others","Y,bug|Y,improve|Y,inconsistency",N,NN,0.62,446,0,2247,85,antoinesd,1,1,85,ABFSVRWVFHZ6P
174,0,3LO69W1SU41LNWMWYY2YYHFNIXJGLJ,20,5,,0,asfgit,TRUE,20,7,0,https://github.com/apache/spark/graphs/contributors,"mateiz, rxin, pwendell",41,1595,0,1,0,1,0,0,0,1,1,0,0,0,0,0,0,0,108,9997,1378,0,0,dirty,FALSE,0,20,7,449,3,zsxwing,"mateiz, rxin, pwendell, JoshRosen",SparkQA,3,0.02,https://github.com/apache/spark/pull/10609,274,9998,"Y,core",N,"Y,bug",N,NN,0,26011,0,215,10703,zsxwing,0,16,10705,A38NFX88VZDMJ3
306,0,3K4J6M3CXFH4RDVS17D8P3ZCRNKGA8,21,12,,0,asfgit,FALSE,21,11,0,https://github.com/apache/spark/graphs/contributors,"mateiz, rxin, pwendell",15,633,0,1,1,1,0,1,1,0,0,0,0,0,0,0,0,0,65,9997,1391,0,0,dirty,FALSE,0,21,11,449,4,sethah,"mateiz, rxin, pwendell, davies, tdas, JoshRosen, srowen, ScrapCodes, ankurdave, jegonzal, holdenk, markhamstra mateiz, rxin, pwendell, JoshRosen, tdas, ankurdave, srowen, marmbrus, ScrapCodes, aarondav, andrewor14, kayousterhout, jegonzal,  holdenk, markhamstra, mengxr","sethah, MLnick, jkbradley, SparkQA",5,0.02,https://github.com/apache/spark/pull/10607,10,9998,"Y,core|Y,others","Y,others",N,N,NY,0,26011,0,321,10703,sethah,0,16,10705,ABFSVRWVFHZ6P
355,0,3ZGVPD4G6U59XQP6XZSE5F5AN06ZT1,21,13,,0,ximinez,TRUE,21,5,38,https://github.com/ripple/rippled/graphs/contributors,"JoelKatz, vinniefalco, ahbritto",308,685,0,1,1,1,0,0,0,0,0,0,0,0,0,0,0,0,1208,362,1400,0,1,dirty,FALSE,0,21,5,116,5,ximinez,"JoelKatz, vinniefalco, ahbritto","codecov-io, miguelportilla",5,0,https://github.com/ripple/rippled/pull/1471,49,362,"Y,core|Y,others",N,N,N,NY,0.04,33139,0,663,1172,ximinez,0,6,1172,A2A2OF6MUITGFS
2084,0,3NKQQ8O39ZTLU2ZZ5MTRJJ89J8XDUQ,22,56,,1,navis,TRUE,22,2,4,https://github.com/druid-io/druid/graphs/contributors,"fjy, xvrl, gianm",347,1687,0,0,0,0,1,0,1,0,0,0,0,0,0,0,0,0,23,943,1414,0,1,dirty,FALSE,0,22,2,566,3,navis,"fjy, xvrl, gianm, himanshug, jon-wei",jon-wei r,9,0.17,https://github.com/druid-io/druid/pull/2217,23,943,N,"Y,core",,N,NN,0.74,13245,0,2431,3966,navis,0,8,3967,A1D8QTP0Y28WFF
194,0,374TNBHA8CJW0KN9K9W0M3LL0YSQYD,23,10,,0,witlessbird,FALSE,23,1,7,https://github.com/theforeman/smart-proxy-pulp/graphs/contributors,"witlessbird, shlomizadok",8,1914,0,0,0,0,0,1,1,1,0,0,1,0,0,0,0,0,1056,11,1425,0,0,dirty,FALSE,0,23,1,0,4,shlomizadok,"witlessbird, shlomizadok, jlsherrill","lzap, ohadlevy",5,0,https://github.com/theforeman/smart-proxy-pulp/pull/3,1,11,N,"Y,others","Y,improve",N,NY,0,16,0,202,3,shlomizadok,1,0,3,ABFSVRWVFHZ6P
62,0,3NXNZ5RS1BL7T1AMGYVENVBZM0H97D,25,220,,0,guludo,TRUE,25,5,11,https://github.com/diydrones/ardupilot/graphs/contributors,"tridge, rmackay9, lucasdemarchi",19639,808,0,0,1,1,1,1,1,1,0,0,1,0,0,0,0,0,19,4597,1443,0,1,dirty,FALSE,0,25,5,851,5,bugobliterator,"jberaud, pchickey, rmackay9, tridge","bugobliterator, magicrub, guludo, lucasdemarchi",5,0,https://github.com/diydrones/ardupilot/pull/3410,9,4598,"Y,others","Y,core|Y,others","Y,improve",N,NN,0.11,10818,0,19701,2169,bugobliterator,0,9,2169,ABFSVRWVFHZ6P
198,0,3NQL1CS15SWO5SJQ68QASQKTHUIVYV,25,5,,1,N-Wouda,FALSE,25,44,5,https://github.com/statsmodels/statsmodels/graphs/contributors,"jseabold, josef-pkt, ChadFulton",70,23,0,1,0,1,0,0,0,1,0,0,1,0,0,0,0,0,43,834,1448,0,0,dirty,FALSE,0,25,44,1344,3,N-Wouda,"kshedden, vincentarelbundock, jseabold, rgommers, josef-pkt, ChadFulton",N-Wouda,3,0.18,https://github.com/statsmodels/statsmodels/pull/2749,2,834,"Y,core",N,"Y,improve",N,NN,0,10167,0,268,1706,N-Wouda,0,5,1706,ABFSVRWVFHZ6P
1,0,39RP059MEIH92XW6IOBZXJ3F2MMBMY,14,1,13,1,kares,FALSE,14,1,0,https://github.com/jruby/activerecord-jdbc-adapter/graphs/contributors,"kares, nicksieger",1,1653,0,0,1,1,0,1,1,0,0,0,0,1,0,1,0,0,1195,309,10001,0,0,dirty,FALSE,1,14,1,67,5,trak3r,"kares, nicksieger","bwalsh, gregors, jhiggins",6,1.89,https://github.com/jruby/activerecord-jdbc-adapter/pull/233,1,309,"Y,others","Y,others",N,"Y, no value",NY,0,1594,0,2,408,trak3r,0,1,408,A1M6A01CROTF3K
0,0,3EJJQNKU9STAQQCKNOHC5T0O86MRHP,31,0,,0,fabpot,FALSE,31,0,0,https://github.com/symfony/symfony/graphs/contributors,"fabpot, nicolas-grekas, webmozart",0,496,0,1,0,1,1,0,1,1,1,1,0,0,0,0,0,0,22,5112,10003,0,0,dirty,FALSE,0,31,0,794,10,sc0ttkclark,"fabpot, nicolas-grekas, webmozart, kriswallsmith, pborreli, romainneutron, bamarni","sc0ttkclark, travisbot, mevers47, dlsniper, Fonsini, Jaza, shacharsol",11,0.25,https://github.com/symfony/symfony/pull/5248,1,5112,"Y,core","Y,core","Y,bug|Y,inconsistency",N,NN,0,12271,0,0,13264,sc0ttkclark,0,22,13264,ABFSVRWVFHZ6P
37,0,3ERMJ6L4DZGM0LTG57ZJSHHKNRH7MQ,6,2,,0,tchak,FALSE,6,1,5,https://github.com/emberjs/ember.js/graphs/contributors,"rwjblue, stefanpenner, wagenet",1,1314,0,0,1,1,1,0,1,0,0,0,0,0,0,0,0,0,949,3601,10004,0,0,dirty,FALSE,0,6,1,233,4,tchak,"locks, dgeb, hjdivad, stefanpenner, mmun, chancancode, trek, mixonic, rwjblue, chadhietala, ef4, machty, wagenet, ebryn, teddyzeenny, lukemelia, krisselden, tomdale, fivetanley, wycats","tchak, devinus, pangratz",5,0.19,https://github.com/emberjs/ember.js/pull/365,5,3601,"Y,others","Y,core",N,N,NN,0.2,3333,0,38,17100,tchak,1,9,17100,ABFSVRWVFHZ6P
0,0,3HOSI13XH0CZD0ODJR329J4LZAZDDJ,31,0,,0,sindresorhus,FALSE,31,0,0,https://github.com/tastejs/todomvc/graphs/contributors,"sindresorhus, passy, addyosmani",0,495,0,1,0,1,1,0,1,0,0,0,0,0,0,0,0,0,26,10899,10006,0,1,dirty,FALSE,1,31,0,122,3,mikaelkaron,"sindresorhus, passy, addyosmani, samccone, stephenplusplus, ColinEberhardt, cburgdorf","boushley, stas",3,1.4,https://github.com/tastejs/todomvc/pull/120,1,10902,"Y,core","Y,core",N,N,NY,0,88,0,0,19082,mikaelkaron,0,2,19082,A2958TQAW43MP6
4142,0,3VELCLL3GL72JPMXU4EXWH6XJBY1FH,13,158,3,0,taylorotwell,FALSE,14,1,204,https://github.com/laravel/framework/graphs/contributors,"taylorotwell, GrahamCampbell, lucasmichot",4142,594,0,0,0,0,0,0,0,1,0,0,1,1,1,0,0,0,4,3702,10007,0,0,dirty,FALSE,0,14,1,76,5,barryvdh,"taylorotwell, GrahamCampbell, lucasmichot, JosephSilber, themsaid, crynobone","RSully, zantx3, jonphipps",7,0.19,https://github.com/laravel/framework/pull/720,6,3702,N,N,"Y,improve","Y,not fit.",NN,0.83,3807,1,8284,6197,barryvdh,0,3,6197,A38NFX88VZDMJ3
436,0,3R2UR8A0IB44F3KJ00IUEKJCGM0OX4,13,9,,0,lgritz,TRUE,13,1,0,https://github.com/OpenImageIO/oiio/graphs/contributors,"lgritz, edgarv",0,615,0,1,1,1,0,0,0,1,0,0,1,0,0,0,0,0,196,235,10010,0,0,dirty,FALSE,0,13,1,85,3,matekm,"lgritz, edgarv, matekm, inequation","dewyatt, lgritz",3,0.36,https://github.com/OpenImageIO/oiio/pull/82,1,235,"Y,core|Y,others",,"Y,improve",N,NY,0,6526,0,436,486,matekm,0,2,486,A1M6A01CROTF3K
60,0,36PW28KO40K67ZZ1VCNKP0E1GNTEAD,35,2,,1,jashkenas,FALSE,35,11,0,https://github.com/jashkenas/backbone/graphs/contributors,"jashkenas, braddunbar, akre54",6,654,0,0,1,1,0,0,0,0,0,0,0,1,0,1,0,0,1002,5640,10013,0,0,dirty,FALSE,0,35,11,73,16,jashkenas,"akre54, megawac, knowtheory, samuelclay, tgriesser, tbranyen, jashkenas, braddunbar, caseywebdev, jridgewell","powmedia, nibblebot, TheCloudlessSky, MFoster, khepin, jergason, BlakeWilliams, RStankov, studgeek, grydstedt",18,0.77,https://github.com/jashkenas/backbone/pull/697,5,5640,"Y,others",N,N,"Y, no value",NN,0.8,481,1,66,25729,tbranyen,0,1,25729,ABFSVRWVFHZ6P
46,0,3OLF68YTNAPYDDZXQN7Q7IZ0Q8WFAK,16,2,,0,juliantaylor,TRUE,16,2,4,https://github.com/numpy/numpy/graphs/contributors,"charris, teoliphant, cournape",9,854,0,1,1,1,1,0,1,1,0,1,0,0,0,0,0,0,12,1783,10014,0,0,dirty,FALSE,0,16,2,1318,5,juliantaylor,"rgommers, jaimefrio, pv, certik, teoliphant, rkern, njsmith, stefanv, charris, cournape, ahaldane, seberg, mwiebe, juliantaylor",FreddieWitherden,5,0.13,https://github.com/numpy/numpy/pull/3306,5,1783,"Y,core|Y,others","Y,core","Y,inconsistency",N,NN,0.8,13845,0,55,3537,juliantaylor,0,11,3537,ABFSVRWVFHZ6P
0,0,37KGEN7NJ4EHRUUTT9LS9720TMRPPX,14,0,35,1,penguinho,FALSE,14,0,11,https://github.com/appium/appium/graphs/contributors,"jlipps, bootstraponline, sebv",0,254,0,0,0,0,1,1,1,1,0,0,1,1,0,1,0,0,14,2346,10015,0,0,dirty,FALSE,0,14,0,760,5,tokunbo,"santiycr, edgy360, jlipps, penguinho, moizjv, bootstraponline, bernii, sebv, admc, imurchie, DylanLacey, paymand, sourishkrout, sah, Jonahss","tokunbo, xuru",5,0.1,https://github.com/appium/appium/pull/793,2,2346,N,"Y,core|Y,others","Y,improve","Y, no value",NN,0.5,82,0,0,4340,tokunbo,0,5,4341,ABFSVRWVFHZ6P
914,0,3PMBY0YE28RD5I5I7F3P3H3DBE89C0,9,12,,0,mrunalp,FALSE,9,8,27,https://github.com/opencontainers/runc/graphs/contributors,"crosbymichael, mrunalp, LK4D4",305,37,1,1,0,1,0,0,0,0,0,0,0,0,0,0,1,1,1321,475,993,0,1,unknown,TRUE,1,9,8,90,7,mlaventure,"vieux, rjnagal, hqhq, crosbymichael, LK4D4, vishh, creack, cyphar, dqminh, mrunalp, vmarmol","krobertson, GordonTheTurtle",9,0.36,https://github.com/opencontainers/runc/pull/454,1,475,"Y,core",N,N,N,Merged.,1,719,0,1219,3241,mlaventure,0,7,3241,ABFSVRWVFHZ6P
209,0,3QAVNHZ3ENSKD59TCYAO2V4KB55LA8,9,3,1298,0,keradus,TRUE,9,4,0,https://github.com/FriendsOfPHP/PHP-CS-Fixer/graphs/contributors,"keradus, fabpot",0,363,0,0,0,0,1,1,1,1,0,0,1,0,0,0,1,0,3,568,1011,0,1,unknown,FALSE,1,9,4,115,5,SpacePossum,"fabpot, keradus",{},5,0.08,https://github.com/FriendsOfPHP/PHP-CS-Fixer/pull/1659,87,568,N,"Y,core|Y,others","Y,improve",N,"Rej, implemented.",0.28,1243,1,209,3776,SpacePossum,0,3,3776,ABFSVRWVFHZ6P
482,0,340UGXU9DZP7OJZLW7TLP5EG92YUV3,9,14,,0,enejb,TRUE,9,17,42,https://github.com/Automattic/wp-calypso/graphs/contributors,"aduth, mtias, ebinnion",517,2342,1,1,0,1,0,0,0,0,0,0,0,0,0,0,1,0,225,1013,1044,0,2,unknown,TRUE,1,9,17,1523,4,enejb,"aduth, mtias, ebinnion, blowery, ockham, drewblaisdell, timmyc, johnHackworth",{},5,0.17,https://github.com/Automattic/wp-calypso/pull/2296,34,1013,"Y,core",N,N,N,"Rej, implemented.",0.91,9574,0,999,8054,enejb,1,38,8054,A1WSTW4R68I8KI
4700,0,3MTMREQS4W60OZLSGCHQB6L083OWA8,10,123,,0,lemieux,TRUE,10,87,198,https://github.com/smooch/smooch-js/graphs/contributors,"lemieux, jugarrit, alavers",3369,1698,1,1,0,1,0,0,0,1,1,0,0,0,0,0,1,1,19,38,1050,0,0,unknown,TRUE,0,10,87,4,5,lemeiux,"lemieux, jugarrit, alavers,chloeproprum,jpjoyal,supportkitdude,spasiu,mspenseiri","dannytranx,mario54",6,0.15,https://github.com/smooch/smooch-js/pull/145,82,38,"Y,core",N,"Y,bug",N,Merged.,0.98,610,0,8069,99,lemieux,1,2,99,AKYJHE7UIR7FY
28,1,3MRNMEIQW6UIBCC5W81QSWCQW45LD5,10,1,,0,samdark,TRUE,11,2,14,https://github.com/php-fig/fig-standards/graphs/contributors,"pmjones, Crell, michaelcullum",29,2078,1,1,0,1,0,0,0,1,0,1,1,0,0,0,1,0,306,2262,1060,0,1,unknown,TRUE,0,11,2,26,7,Crell,"pmjones, Crell, michaelcullum, weierophinney, tedivm, anvius, dragoonis, mvriel",le6o,8,0.81,https://github.com/php-fig/fig-standards/pull/730,30,2262,"Y,core",N,"Y,improve|Y,inconsistency",N,"Rej, implemented.",0.9,0,0,57,8444,Crell,0,2,8444,A1WSTW4R68I8KI
82,1,3Y9N9SS8LZZ1V8MGQ2XQWAI9VG5D35,10,3,609,0,mwielgus,FALSE,10,3,8,https://github.com/kubernetes/heapster/graphs/contributors,"vishh, mwielgus, piosz",2,178,1,0,0,0,0,0,0,0,0,0,0,0,0,0,0,0,1,342,1084,0,1,unknown,TRUE,0,10,3,152,6,huangyuqi,"vishh, mwielgus, piosz, vmarmol,huangyuqi,",piosz,7,0.26,https://github.com/kubernetes/heapster/pull/868,21,342,,,,,,0.9,710,0,84,879,huangyuqi,1,4,879,AMZVZJL54O491
72,0,3YOH7BII0AVTLNU92TPJJI5I7FSKVW,10,2,1384,0,izaid,TRUE,10,2,1,https://github.com/libdynd/libdynd/graphs/contributors,"izaid, mwiebe, insertinterestingnamehere",0,1944,1,1,0,1,1,0,1,0,0,0,0,0,0,0,1,1,36,39,1095,0,0,unknown,TRUE,0,10,2,68,4,mwiebe,"izaid, talumbau, insertinterestingnamehere, mwiebe","mrocklin, seibert",5,0,https://github.com/libdynd/libdynd/pull/873,127,39,"Y,core","Y,core",N,N,Merged.,0.92,2606,0,72,184,mwiebe,1,3,184,ABFSVRWVFHZ6P
107,0,3YGXWBAF715C8CZ6QK7YM9SXOE7C43,11,18,,0,bykoianko,TRUE,11,4,53,https://github.com/mapsme/omim/graphs/contributors,"deathbaba, vng, yunikkk",190,115,1,0,0,0,0,0,0,0,0,0,0,0,0,0,1,1,9,395,1107,0,0,unknown,TRUE,0,11,4,356,6,syershov,"deathbaba, vng, yunikkk,rachytski, exmix, igrechuhin, bykoianko, dkunin-me","mpimenov, syershov",6,0.06,https://github.com/mapsme/omim/pull/1220,39,395,N,N,N,N,Merged.,0.9,157553,0,297,2032,syershov,0,15,2032,AMZVZJL54O491
356,0,3GM6G9ZBKOL9YJQNIA2KXD91ZYGMTU,11,18,,1,MariaCheca,TRUE,11,32,32,https://github.com/CartoDB/cartodb/graphs/contributors,"xavijam, javierarce, juanignaciosl",223,1242,1,1,0,1,1,0,1,0,0,0,0,0,0,0,1,1,75,344,1128,0,1,unknown,TRUE,1,11,32,1156,4,MariaCheca,"xavijam, javierarce, juanignaciosl, viddo, gfiorav, javisantana, rafatower, Kartones, javitonino, matallo, nobuti, alonsogarciapablo, MariaCheca, ethervoid, piensaenpixel, zenitraM, luisbosque, iriberri, fdansv, rochoa, jgoizueta, saleiva, rilla, jesusvazquez, Xatpy, jmartinter, azamorano, acanimal, danicarrion, santisaez, csobier, pramsey, josecruz, ohasselblad, nick13jaremek, mbektas",houndci-bot,5,0.08,https://github.com/CartoDB/cartodb/pull/6362,17,344,"Y,core","Y,core",N,N,Merged.,1,18828,0,579,1314,MariaCheca,0,17,1314,ABFSVRWVFHZ6P
303,1,3TK8OJTYM29UWERPFLURFZRH1JVVPT,11,11,46,0,Horneth,TRUE,11,1,18,https://github.com/broadinstitute/cromwell/graphs/contributors,"mcovarr, scottfrazer, kshakir",76,1131,1,0,0,0,1,0,1,0,0,0,0,0,0,0,1,1,75,24,1147,0,0,unknown,TRUE,0,11,1,208,5,Horneth,"mcovarr, scottfrazer, kshakir, Horneth, cjllanwarne, geoffjentry, kcibul, francares, gauravs90, coreone, jacarey, tovanadler",{},5,0.04,https://github.com/broadinstitute/cromwell/pull/368,42,24,N,"Y,core",N,N,Merged.,0.83,1588,0,379,96,Horneth,0,6,96,ABFSVRWVFHZ6P
74,0,3RRCEFRB7N0TY770CKB3BPMF6TG4BX,12,6,,0,dblock,FALSE,12,2,12,https://github.com/ruby-grape/grape/graphs/contributors,"dblock, namusyaka",2,2028,1,1,0,1,1,0,1,1,0,0,1,0,0,0,1,1,42,921,1179,0,0,unknown,TRUE,0,12,2,151,3,namusyaka,"dblock, namusyaka, towanda, marshal-lee",rngtng,3,0.76,https://github.com/ruby-grape/grape/pull/1240,5,921,"Y,core","Y,core","Y,improve",N,Merged.,0.8,703,0,76,7661,namusyaka,1,1,7661,AMZVZJL54O491
184,0,308XBLVESJS0ZD9YNW7GJIXPZFHBRL,12,6,,0,deathbaba,TRUE,12,1,23,https://github.com/mapsme/omim/graphs/contributors,"deathbaba, vng, yunikkk",125,698,1,1,0,1,1,0,1,0,0,0,0,0,0,0,1,1,944,395,1195,0,0,unknown,TRUE,0,12,1,356,5,mgsergio,"kshalnev, deathbaba, darina, VladiMihaylenko, rokuz, Zhdanovich, Komzpa, trashkalmar, milchakov, gardster, mgsergio, Zverik, vng, ygorshenin, syershov, igrechuhin, mapsmetest, bykoianko, ExMix, yunikkk, mpimenov",{},5,0.07,https://github.com/mapsme/omim/pull/1318,32,395,"Y,core","Y,core",N,N,Merged.,0.84,157553,0,309,2032,mgsergio,0,15,2032,ABFSVRWVFHZ6P
1773,0,3URFVVM1666OX34VX4IOABRCWBZUZT,13,268,1414,0,s1monw,TRUE,13,17,3,https://github.com/elastic/elasticsearch/graphs/contributors,"kimchy, s1monw, javanna",2788,1608,1,0,1,1,0,1,1,1,1,0,1,0,0,0,1,0,341,6606,1207,0,5,unknown,TRUE,0,13,17,1180,6,s1monw,"kimchy, s1monw, javanna","rjernst,jaymode,clintongormley,ruckc,uboness,nik900",8,0.05,https://github.com/elastic/elasticsearch/pull/15776,596,6606,"Y,others","Y,others","Y,bug|Y,improve",N,"Rej, implemented.",0.86,38633,0,4561,19306,s1monw,0,31,19306,A1WTD5OHCQS3TG
561,0,3QXNC7EIPJJTBQA2VZA58G1C2P190X,13,2,30,0,sthirugn,TRUE,13,1,10,https://github.com/SatelliteQE/robottelo/graphs/contributors,"elyezer, omaciel, Ichimonji10",0,1379,1,1,0,1,1,0,1,0,0,0,0,0,0,0,1,1,65,48,1220,0,0,unknown,TRUE,0,13,1,164,3,tkolhar,"JacobCallahan,cswiii,rochacbruno,sghai,omaciel,oshtaier,rplevka,renzon,gkhachik,abalakh,elyezer,tkolhar,svtkachenko,AdamSaleh,sthirugn,lpramuk,Ic himonji10,kbidarkar,jyejare",{},4,0.06,https://github.com/SatelliteQE/robottelo/pull/3213,73,48,"Y,core","Y,core",N,N,Merged.,0.82,4157,0,561,27,tkolhar,0,7,27,ABFSVRWVFHZ6P
298,1,3B3WTRP3DCQ070DGAMEJR4URYGV92C,13,14,,0,andreasohlund,TRUE,13,1,37,https://github.com/Particular/docs.particular.net/graphs/contributors,"SimonCropp, SzymonPobiega, dannycohen",15,1885,1,0,0,0,1,0,1,0,0,0,0,0,0,0,1,1,1347,153,1226,0,0,unknown,TRUE,0,13,1,116,4,MarcinHoppe,"SimonCropp, SzymonPobiega, dannycohen, sealfeldman, mauroservienti, weralabaj","wojcikmike, simoncropp, ramonsmits",6,0.05,https://github.com/Particular/docs.particular.net/pull/1026,1,153,N,"Y,core",N,N,Merged.,1,1017,0,313,37,MarcinHoppe,1,17,37,AMZVZJL54O491
79,0,3CFJTT4SXUE0423PKS1R0OA2TP1I7O,13,24,,0,IntelOrca,TRUE,13,5,11,https://github.com/OpenRCT2/OpenRCT2/graphs/contributors,"IntelOrca, duncanspumpkin, marijnvdwerf",81,1728,1,0,0,0,1,0,1,0,0,0,0,0,0,0,1,1,307,384,1235,0,0,unknown,TRUE,0,13,5,558,5,marijnvdwerf,"IntelOrca, duncanspumpkin, marijnvdwerf, Gymnasiast, zsilencer, AaronVanGeffen",{},5,0.16,https://github.com/OpenRCT2/OpenRCT2/pull/2692,1,384,N,"Y,core",N,N,Merged.,1,18404,0,160,2234,marijnvdwerf,1,9,2234,ABFSVRWVFHZ6P
741,0,3I33IC7ZWGQECJNL2SSJNZ5B51DA2Z,14,10,,0,obrakmann,TRUE,14,4,20,https://github.com/OpenRA/OpenRA/graphs/contributors,"pchote, chrisforbes, Mailaender",563,1711,1,1,0,1,0,0,0,0,0,0,0,0,0,0,1,1,360,1155,1238,0,1,unknown,TRUE,0,14,4,1092,4,Mailaender,"pchote, chrisforbes, Mailaender, reaperrr, abcdefg30, obrakmann, ScottNZ, penev92, RoosterDragon, cjshmyr, atlimit8, Phrohdoh, ihptru, WolfGaming",pchote,6,0.09,https://github.com/OpenRA/OpenRA/pull/10404,1045,1155,"Y,core",N,N,N,Merged.,0.81,4510,1,1304,3568,Mailaender,1,12,3569,ABFSVRWVFHZ6P
92,1,3AAJC4I4FHGFJNT1L5EA39I1FUDJZW,14,6,23,1,samueltardieu,TRUE,14,1,2,https://github.com/cgeo/cgeo/graphs/contributors,"samueltardieu, Bananeweizen, rsudev",9,826,1,1,0,1,0,0,0,0,0,0,0,0,0,0,1,1,532,466,1248,0,0,unknown,TRUE,1,14,1,529,6,pstorch,"samueltardieu, Bananeweizen, rsudev, lineflyer, kuumy, sammyshp",pstorch,6,0.08,https://github.com/cgeo/cgeo/pull/5358,1,466,"Y,core",N,N,N,Merged.,1,6776,1,101,726,pstorch,1,5,726,AMZVZJL54O491
662,0,3U8YCDAGXQ4Z3PROC1LRUBR1BIV0QL,14,13,,0,ywwg,TRUE,14,16,20,https://github.com/mixxxdj/mixxx/graphs/contributors,"rryan, daschuer, ywwg",2,1652,1,1,0,1,0,1,1,1,0,0,1,0,0,0,1,1,3,369,1258,0,0,unknown,TRUE,0,14,16,75,5,ywwg,"rryan, daschuer, ywwg, asantoni, esbrandt, tuehaste, cardinot","sblaisot, be-ing, dashcuer, pegasus-rpg,",6,0.09,https://github.com/mixxxdj/mixxx/pull/849,133,369,"Y,core","Y,others","Y,improve",N,Merged.,0.81,26996,0,664,608,ywwg,1,10,608,AMZVZJL54O491
53,0,3AMYWKA6YCARWO0NZD94E76SAAJO63,14,3,,0,jdegoes,TRUE,14,6,3,https://github.com/slamdata/purescript-pathy/graphs/contributors,"jdegoes, garyb",62,1282,1,0,0,0,1,0,1,0,0,0,0,0,0,0,0,0,7,8,1263,0,0,unknown,TRUE,0,14,6,4,3,chrisdotcode,"jdegoes, garyb,chrisdotcode",zudov,4,0,https://github.com/slamdata/purescript-pathy/pull/10,1,8,N,"Y,core",N,N,"Rej, not sure.",1,23,0,115,9,chrisdotcode,0,1,9,ADUKAOL850DWV
129,1,3P4RDNWND6UTOX4RL1QO3EFBKEQJI9,15,5,,0,dariusf,TRUE,15,6,20,https://github.com/HubTurbo/HubTurbo/graphs/contributors,"dariusf, lejolly, acruis",11,996,1,1,0,1,1,0,1,0,0,0,0,0,0,0,1,1,3,36,1271,0,1,unknown,TRUE,0,15,6,156,3,1140-filter-n-issues,"dariusf, lejolly, acruis, naomilwx",damithc,3,0.16,https://github.com/HubTurbo/HubTurbo/pull/1170,17,36,"Y,core","Y,core",N,N,Merged.,0.88,1511,0,140,21,codemanmeet,0,7,21,ABFSVRWVFHZ6P
734,0,3R3YRB5GRGRNWVWNLC2PTI03OWZAUS,15,7,,0,DeepDiver1975,TRUE,15,8,19,https://github.com/owncloud/core/graphs/contributors,"DeepDiver1975, icewind1991, PVince81",89,2552,1,1,0,1,0,0,0,1,1,0,0,0,0,0,1,1,1425,1594,1277,0,2,unknown,TRUE,1,15,8,1745,6,rullzer,"tanghus, samtuke, blizzz, Xenopathic, nickvergessen, rullzer, PVince81, georgehrke, bantu, schiessle, ChristophWurst, eMerzh, Kondou-ger, FlorinPeter, icewind1991, LukasReschke, VicDeo, DeepDiver1975, jancborchardt, tomneedham, BernhardPosselt, butonic, MorrisJobke, bartv2",mention-bot,6,0.04,https://github.com/owncloud/core/pull/21532,229,1595,"Y,core",N,"Y,bug",N,Merged.,0.79,14669,0,823,4937,rullzer,0,17,4938,ABFSVRWVFHZ6P
93,0,33LKR6A5KF8C2U4YPOJMDLLY0HK1TN,16,11,181,0,iNecas,FALSE,16,1,37,https://github.com/theforeman/foreman_remote_execution/graphs/contributors,"ares, iNecas",84,1795,1,1,0,1,0,0,0,0,0,0,0,1,0,1,1,1,693,26,1294,0,0,unknown,TRUE,0,16,1,8,4,dlobatog,"ares, iNecas, stbenjam",none,4,0.1,https://github.com/theforeman/foreman_remote_execution/pull/96,5,26,"Y,core",N,N,"Y, no value",Merged.,1,318,0,177,12,dLobatog,1,3,12,AMZVZJL54O491
788,0,3LEP4MGT3HO6Y3QT5VCWETGLKERDBI,16,33,,1,juanignaciosl,TRUE,16,42,70,https://github.com/CartoDB/cartodb/graphs/contributors,"xavijam, javierarce, juanignaciosl",54,1633,1,1,0,1,0,1,1,0,0,0,0,0,0,0,1,1,15,344,1311,0,0,unknown,TRUE,0,16,42,1156,5,juanignaciosl,"xavijam, javierarce, juanignaciosl, viddo, gfiorav, javisantana, rafatower, Kartones, javitonino, matallo, nobuti, alonsogarciapablo, MariaCheca, ethervoid, piensaenpixel, zenitraM, luisbosque, iriberri, fdansv, rochoa, jgoizueta, saleiva, rilla, jesusvazquez, Xatpy, jmartinter, azamorano, acanimal, danicarrion, santisaez, csobier, pramsey, josecruz, ohasselblad, nick13jaremek, mbektas",houndci-bot,6,0.08,https://github.com/CartoDB/cartodb/pull/6378,323,344,"Y,core","Y,others",N,N,Merged.,0.96,18828,0,842,1314,juanignaciosl,0,17,1314,ABFSVRWVFHZ6P
548,1,34FNN24DCNX77Y4B0H8XOSQURZ6Y5Q,17,16,,0,sjrd,TRUE,17,2,2,https://github.com/scala-js/scala-js/graphs/contributors,"sjrd, gzm0, nicolasstucki",90,1833,1,1,0,1,1,0,1,0,0,0,0,0,0,0,1,1,161,239,1316,0,0,unknown,TRUE,0,17,2,105,3,sjrd,"sjrd, gzm0, nicolasstucki, andreaTP",scala-jenkins,3,0.13,https://github.com/scala-js/scala-js/pull/2141,381,239,"Y,core","Y,core",N,N,Merged.,0.96,4822,0,638,2682,sjrd,1,3,2682,AMZVZJL54O491
4,0,3YHH42UU5C3OCSBBKWDVDPS71B00LM,17,7,1191,0,jferris,TRUE,17,1,75,https://github.com/thoughtbot/suspenders/graphs/contributors,"croaky, jferris",50,2822,1,1,0,1,1,0,1,0,0,0,0,1,0,1,1,1,1385,456,1324,0,0,unknown,TRUE,0,17,1,11,5,jferris,"croaky, jferris, tute, mike0burns, mjankowski","geoffharcourt, wagenet, toobulkeh, gylaz,  derekprior",7,0.96,https://github.com/thoughtbot/suspenders/pull/692,26,456,"Y,core","Y,core",N,"Y, no value",Merged.,0.54,57,0,54,2751,jferris,1,3,2751,AMZVZJL54O491
196,0,3LJ7UR74RI1VZGWXFAGC2KM9OLUN4C,18,3,,0,benanne,TRUE,18,2,7,https://github.com/lasagne/Lasagne/graphs/contributors,"f0k, benanne, craffel",0,1932,1,1,0,1,1,0,1,0,0,0,0,0,0,0,1,1,9,729,1350,0,0,unknown,TRUE,0,18,2,116,3,craffel,"f0k, benanne",{},3,0.22,https://github.com/lasagne/Lasagne/pull/570,18,729,"Y,core","Y,core",N,N,Merged.,1,724,1,196,2642,craffel,1,5,2643,ABFSVRWVFHZ6P
0,0,3D8YOU6S9F8M9TKKVZLDDDYHR5DU69,20,0,,0,gsherwood,FALSE,20,0,0,https://github.com/squizlabs/PHP_CodeSniffer/graphs/contributors,"gsherwood, klausi",0,1888,1,1,0,1,1,0,1,1,1,0,0,0,0,0,1,1,2,664,1373,0,1,unknown,TRUE,0,20,0,100,3,tim-bezhashvyly,"gsherwood, klausi, andrygrunwald, bpearson, jrfnl","tim-bezhashvyly, aik099",3,0.2,https://github.com/squizlabs/PHP_CodeSniffer/pull/840,1,664,"Y,core","Y,core","Y,bug",N,Merged.,1,2755,0,0,2864,tim-bezhashvyly,0,1,2864,AMZVZJL54O491
249,0,3NAPMVF0ZX3WTHPNVPGZD83L3QD27Z,21,15,,0,KevinCorcoran,TRUE,21,5,0,https://github.com/puppetlabs/puppet-server/graphs/contributors,"camlow325, cprice404, nwolfe",111,2387,1,1,0,1,1,0,1,1,0,1,0,0,0,0,1,1,72,107,1394,0,0,unknown,TRUE,0,21,5,3,5,haus,"camlow325, cprice404, nwolfe, dankreek, kevincorcoran, haus, nwolfe, jeffmccune, waynr","nathanielksmith,",6,0.02,https://github.com/puppetlabs/puppet-server/pull/849,10,107,"Y,core","Y,core","Y,inconsistency",N,Merged.,0.9,813,0,360,147,haus,1,9,147,AMZVZJL54O491
110,0,3MHW492WW11OBBUCN52ZYVXMVDNVMX,21,7,,0,davecgh,FALSE,21,8,5,https://github.com/btcsuite/btcd/graphs/contributors,"davecgh, dajohi, jrick",45,1602,1,1,0,1,0,1,1,0,0,0,0,0,0,0,1,1,50,260,1405,0,0,unknown,TRUE,0,21,8,54,4,zantx3,"davecgh, dajohi, jrick,jcvernaleo,drahn,roasbeef",wallclockbuilder,5,0.54,https://github.com/btcsuite/btcd/pull/598,16,260,"Y,core","Y,others",N,N,Merged.,0.69,4605,0,155,982,Roasbeef,1,3,982,AMZVZJL54O491
2,1,37M28K1J0R1EIFLT9DYBMGRS68NJAA,22,1,1301,0,GuillaumeSmaha,FALSE,22,5,0,https://github.com/LimeSurvey/LimeSurvey/graphs/contributors,"c-schmitz, jcleeland, Shnoulle",2,1476,0,0,0,0,0,0,0,1,0,1,0,1,1,1,0,0,2,376,1419,0,0,unknown,FALSE,0,22,5,29,3,guillaumesmaha,"c-schmitz, jcleeland, Shnoulle,olleharstedt, limesurvey-translations, tmswhite, mennodekker,",sammousa,4,0.04,https://github.com/LimeSurvey/LimeSurvey/pull/412,3,376,N,N,"Y,inconsistency","Y,not fit.|Y, no value","Rej, not sure.",0.33,40159,0,4,504,GuillaumeSmaha,0,8,504,AMZVZJL54O491
2214,0,3HMIGG0U4MUQUGNDYFF00C0LUWCY8C,22,158,1115,0,DavertMik,TRUE,22,1,154,https://github.com/Codeception/Codeception/graphs/contributors,"DavertMik, Naktibalda, tiger-seo",1685,2132,1,1,0,1,0,0,0,1,0,0,1,0,0,0,1,1,1140,912,1420,0,0,unknown,TRUE,1,22,1,239,4,DavertMik,"samdark, FnTm, tiger-seo, niclopez, sergeyklay, janhenkgerritsen, Naktibalda, zbateson, raistlin, DavertMik",Green-Cat,5,0.21,https://github.com/Codeception/Codeception/pull/2711,16,912,"Y,core",N,"Y,improve",N,Merged.,0.94,2343,0,3899,2462,DavertMik,1,4,2462,ABFSVRWVFHZ6P
67,0,333U7HK6IA3CGMO5TNPDCHZYRBYJDQ,23,3,,0,MartinNowak,TRUE,23,5,6,https://github.com/D-Programming-Language/druntime/graphs/contributors,"MartinNowak, complexmath, WalterBright",2,1805,1,1,0,1,1,0,1,1,1,0,1,1,0,0,1,1,1405,297,1421,0,0,unknown,TRUE,0,23,5,48,5,schveiguy,"MartinNowak, complexmath, WalterBright, rainers, cybeshadow, 9rnsr, alexp, braddr","yebblies, jmdavis, scheutzm, schvelguy",6,0.46,https://github.com/D-Programming-Language/druntime/pull/1459,24,297,"Y,core","Y,core","Y,bug|Y,improve","Y,others",Merged.,0.83,6555,0,69,419,schveiguy,1,8,420,AMZVZJL54O491
372,0,3LKC68YZ3BRPQ3FTQVM8C155YPGWO6,24,19,,0,poettering,FALSE,24,4,40,https://github.com/systemd/systemd/graphs/contributors,"poettering, kaysievers, keszybz",80,1595,1,0,0,0,1,0,1,0,0,0,0,0,0,0,1,1,688,617,1438,0,2,unknown,TRUE,0,24,4,512,7,ipuustin,"poettering, kaysievers, keszybz, teg, gregkh, dvdhrm, michich, zonque, martinpitt, evverx, haraldh, ronnychevalier, pfl, filbranden, mbiebl, whot","ipuustin, ewerx, amluto, gdamjan, pohly",7,0.08,https://github.com/systemd/systemd/pull/2265,1,617,N,"Y,core",N,N,Merged.,1,13991,0,452,1453,ipuustin,0,24,1453,ABFSVRWVFHZ6P
48,1,3RRCEFRB7N0TY770CKB3BPMF71P4BN,24,1,699,0,k8s-merge-robot,TRUE,24,1,1,https://github.com/kubernetes/kubernetes/graphs/contributors,"k8s-merge-robot, brendandburns, lavalamp",6,1085,1,0,0,0,1,0,1,0,0,0,0,0,0,0,1,1,38,6032,1440,0,3,unknown,TRUE,0,24,1,5274,4,yifan-gu,"brendandburns, roberthbailey, zmerlynn, eparis, nikhiljindal, thockin, lavalamp, k8s-merge-robot, ArtfulCoder, mikedanese, saad-ali, vishh, wojtek-t, vmarmol, a-robinson, erictune, piosz, dchen1107, derekwaynecarr, jbeda, satnam6502, jlowdermilk, caesarxuchao, smarterclayton, justinsb, deads2k, gmarek, yujuhong, sttts, bgrant0607","k8s-bot, jonboulle, k8s-teamcity-mesosphere",8,0.7,https://github.com/kubernetes/kubernetes/pull/19306,149,6033,N,"Y,core",N,N,Merged.,0.84,50350,0,54,18372,yifan-gu,1,71,18373,ABFSVRWVFHZ6P
150,0,3PXX5PX6LYM80WNHLLLUOS8FZBRBAB,27,7,1020,0,sigmavirus24,FALSE,27,3,9,https://github.com/pdfkit/pdfkit/graphs/contributors,"jdpace, sigmavirus24",63,2768,1,0,0,0,1,0,1,0,0,0,0,0,0,0,1,1,4,317,1471,0,0,unknown,TRUE,0,27,3,29,3,ContinuityControl,"jdpace, devn, ceaess, cdwort, sigmavirus24, mdeering",{},3,1.67,https://github.com/pdfkit/pdfkit/pull/344,3,317,N,"Y,core",N,N,Merged.,0.67,58,0,213,2281,danbernier,0,2,2281,ABFSVRWVFHZ6P
171,0,3WETL7AQWUW6RV7NBWF7YYUHJ1K355,27,55,,0,jglick,FALSE,27,13,72,https://github.com/jenkinsci/workflow-plugin/graphs/contributors,"jglick, kohsuke",172,1592,1,0,0,0,1,0,1,1,0,1,0,0,0,0,1,1,10,460,1473,0,0,unknown,TRUE,0,27,13,6,7,recena,"jglick, kohsuke, tfennelly, abayer, jtnord, estheryouhana, oleg-nenashev",reviewbybees,8,0.12,https://github.com/jenkinsci/workflow-plugin/pull/296,11,460,N,"Y,core","Y,inconsistency",N,Merged.,0.82,0,0,343,982,recena,0,4,982,ABFSVRWVFHZ6P
2353,1,3ZR9AIQJUCXSEK4QE4EER8QWGXP04U,28,25,484,1,marc-mabe,FALSE,28,2,3,https://github.com/zendframework/zend-cache/graphs/contributors,"weierophinney, Maks3w, Ocramius",1,1453,1,0,1,1,0,1,1,0,0,0,0,0,0,0,1,1,162,33,1478,0,1,unknown,TRUE,1,28,2,15,4,kynx,"Freeaqingme, DASPRiD, marc-mabe, ezimuel, Maks3w, Ocramius, ralphschindler, weierophinney, EvanDotPro, akrabat","nyholm, aequasi",5,0.29,https://github.com/zendframework/zend-cache/pull/54,1,33,"Y,others","Y,others",N,N,Merged.,1,888,0,2354,17,kynx,0,3,17,ABFSVRWVFHZ6P
57,0,3O6CYIULEEPK38ZQMHYHB7XUF9WWU6,29,5,687,0,openshift-bot,TRUE,29,1,11,https://github.com/openshift/origin/graphs/contributors,"openshift-bot, smarterclayton, deads2k",13,796,1,1,0,1,0,0,0,0,0,0,0,0,0,0,1,1,138,1342,1488,0,0,unknown,TRUE,0,29,1,1152,5,csrwng,"openshift-bot, smarterclayton, deads2k, liggitt, kargakis, bparees, mfojtik, spadgett, fabianofranz",csrwing,5,0.07,https://github.com/openshift/origin/pull/6576,157,1342,"Y,core",N,N,N,Merged.,0.9,15488,0,70,2002,csrwng,0,31,2002,AMZVZJL54O491
835,1,37TD41K0AIXVAX1HGL3GKC83321CSI,30,21,,1,samcake,TRUE,30,39,36,https://github.com/highfidelity/hifi/graphs/contributors,"birarda, ZappoMan, Atlante45",681,850,1,1,0,1,0,0,0,1,0,0,1,0,0,0,1,1,9,259,1491,0,0,unknown,TRUE,0,30,39,56,4,zzmp,"zzmp, imgntn, jherico, birarda, hyperlogic, Ventrella, Atlante45, SamGondelman, sethalves, AndrewMeadows, kencooke, cozza13, chansensturm, ZappoMan, ericrius1, PhilipRosedale, RyanDowne, AlexanderOtavka, venkatn93, ey6es, samcake, huffman, howard-stearns, thoys",hifi-gustavo,5,0.02,https://github.com/highfidelity/hifi/pull/6772,16,259,"Y,core",N,"Y,improve",N,Merged.,0.88,20770,0,1516,452,zzmp,0,18,452,ABFSVRWVFHZ6P
5,0,3HFNH7HEMI2WET29Q3AUF3EHIZQGQA,27,1,,0,,FALSE,27,1,0,https://github.com/guard/guard/graphs/contributors,"netzpirat, e2, rymai",5,1247,1,1,0,1,1,1,1,1,1,0,1,1,1,0,1,1,275,432,10002,0,0,unknown,TRUE,0,27,1,42,6,thibaudgg,"netzpirat, e2, rymai, yannlugrin, thibaudgg","kierzniak, flori,",6,0.63,https://github.com/guard/guard/pull/156,1,432,"Y,core","Y,core|Y,others","Y,bug|Y,improve","Y,not fit.",Merged.,1,375,0,10,5146,,0,1,5146,AMZVZJL54O491
978,0,3OHYZ19UGDTSJQCQPQQGUC8E6A2AO6,10,60,,1,,TRUE,10,28,42,https://github.com/gitlabhq/gitlabhq/graphs/contributors,"randx, tsigo, DouweM",224,739,1,1,0,1,0,0,0,0,0,0,0,0,0,0,1,1,35,5090,10005,0,0,unknown,TRUE,1,10,28,0,3,Andrew8xx8,"maxlazio, jacobvosmaer, stanhu, rymai, Razer6, tmaczukin, vsizov, tsigo, NARKOZ, DouweM, riyad, jvanbaarsen, dosire, axilleas, randx",coveralls,5,0.19,https://github.com/gitlabhq/gitlabhq/pull/3351,14,5089,"Y,core",N,N,N,Merged.,0.86,8745,0,1202,18653,,0,12,18655,ABFSVRWVFHZ6P
36,0,3D3VGR7TA13VWI5L83SA1ZZDAGCR33,31,6,,0,,FALSE,31,2,3,https://github.com/gregbell/active_admin/graphs/contributors,"seanlinsley, gregbell, timoschilling",57,275,1,1,0,1,0,1,1,0,0,0,0,0,0,0,1,1,251,2547,10016,0,0,unknown,TRUE,0,31,2,233,10,tinynumbers,"seanlinsley, gregbell, timoschilling, pcreux, mattvague","smidwap, mwlang, socjopata, kars7e,",10,0.78,https://github.com/gregbell/active_admin/pull/1952,5,2547,"Y,core","Y,others",N,N,Merged.,0.6,846,0,93,6947,,0,3,6947,AMZVZJL54O491
761,0,3VW04L3ZLUUR9CYB1R5QXXA5ITDXXM,12,10,,0,,FALSE,10,6,0,https://github.com/xapi-project/xen-api/graphs/contributors,"johnelse, robhoes, jonludlam, simonjbeaumont, jonathanknowles, zli, rokstrnisa, thomassa",0,153,1,1,0,1,0,0,0,0,0,0,0,0,0,0,1,1,476,159,10018,0,0,unknown,TRUE,0,10,6,27,6,grantmcwilliams,"johnelse, robhoes, jonludlam, simonjbeaumont, jonathanknowles, zli, rokstrnisa, thomassa","mattsface, robhoes, djs55,",6,0.1,https://github.com/xapi-project/xen-api/pull/957,1,159,"Y,core",N,N,N,Merged.,1,7011,0,761,222,,0,7,222,AMZVZJL54O491
0,0,3OONKJ5DKD7X20HIV4QCPNSKNLPBOP,14,0,,0,,FALSE,14,0,0,https://github.com/cfengine/design-center/graphs/contributors,"tzz, zzamboni, nickanderson",0,94,1,1,0,1,1,0,1,0,0,0,0,1,0,1,1,1,132,73,10019,0,0,unknown,TRUE,0,14,0,48,3,neihwatson,"tzz, zzamboni, nickanderson, bheilman,",none,3,0.28,https://github.com/cfengine/design-center/pull/14,1,73,"Y,core","Y,core",N,"Y, no value",Merged.,1,288,0,0,79,,0,2,79,AMZVZJL54O491
447,0,39ASUFLU6YVI3C7U6MFY98PZH5BXE3,15,16,,1,ultrasaurus,TRUE,15,30,51,https://github.com/18F/college-choice/graphs/contributors,"shawnbot, meiqimichelle",206,2342,1,0,0,0,1,1,1,0,0,0,0,0,0,0,0,0,7,59,1280,0,0,unknown,TRUE,0,15,30,214,4,shawnbot,"LisaGee, meiqimichelle, ErieMeyer, ultrasaurus, barkimedes, shawnbot, brownpl, kynetiv, hollyallen, yozlet","jjoteal, nickbristow, houndci-bot",5,0.4,https://github.com/18F/college-choice/pull/1418,119,59,N,"Y,core|Y,others",N,N,YY,0.93,467,0,653,246,shawnbot,0,1,246,ABFSVRWVFHZ6P
85,1,3WZ36BJEV44DFSMQRLCBJXY7WWUTBX,15,3,,0,304NotModified,TRUE,15,3,13,https://github.com/NLog/NLog/graphs/contributors,"jkowalski, 304NotModified, Xharze",40,804,1,0,1,1,0,0,0,0,0,0,0,0,0,0,0,0,723,689,1290,0,2,unknown,TRUE,1,15,3,222,4,304NotModified,"jkowalski, 304NotModified, Xharze, bhaeussermann, Page-Not-Found",codecov-io,4,0.22,https://github.com/NLog/NLog/pull/1157,145,689,"Y,others",,N,N,YY,0.82,4126,0,125,1968,304NotModified,1,2,1968,A38NFX88VZDMJ3
153,0,3H7XDTSHKDF1YQYV2C907SW4LJXGWN,16,16,425,0,sindresorhus,TRUE,16,1,1,https://github.com/sindresorhus/ava/graphs/contributors,"sindresorhus, jamestalmage",8,1002,1,1,0,1,1,0,1,0,0,0,0,0,0,0,0,0,9,335,1293,0,0,unknown,TRUE,0,16,1,141,5,jamestalmage,"vdemedes, sindresorhus, jamestalmage, ariporad, novemberborn","kentcdodds, kevva",6,0.07,https://github.com/sindresorhus/ava/pull/407,71,335,"Y,core","Y,core",N,N,YY,0.55,335,1,161,7048,jamestalmage,1,4,7048,ABFSVRWVFHZ6P
1918,0,3SKEMFQBZ4TVABYWU0E9R4LB93A8KL,16,10,85,0,jujugui,TRUE,16,1,21,https://github.com/juju/charmstore/graphs/contributors,"jujugui, frankban, rogpeppe",30,2477,1,1,0,1,0,0,0,0,0,0,0,0,0,0,0,0,8,23,1297,0,0,unknown,TRUE,0,16,1,42,5,rogpeppe,"jrwren, axw, jujugui, urosj, alesstimec, frankban, rogpeppe, jujubot","mhilton, fabricematrat",5,1.44,https://github.com/juju/charmstore/pull/503,158,23,"Y,core",N,N,N,YY,0.93,1657,0,1948,9,rogpeppe,1,4,9,ABFSVRWVFHZ6P
5318,0,3WQ3B2KGE94C68AHP2S1DRFC4BOB1N,16,60,,1,collin,TRUE,16,79,6,https://github.com/theonion/django-bulbs/graphs/contributors,"benghaziboy, csinchok, MichaelButkovic",44,2824,1,1,1,1,0,0,0,1,1,0,0,0,0,0,0,0,1072,4,1312,0,0,unknown,TRUE,0,16,79,10,4,collin,"benghaziboy, csinchok, MichaelButkovic","mparent61, kand",6,0.02,https://github.com/theonion/django-bulbs/pull/96,2,4,"Y,core|Y,others",N,"Y,bug",N,YY,0.5,1196,0,5362,28,collin,1,4,28,AT9K95UXPKH3J
90,0,3MB8LZR5BGHQPIIFOPNDW97HT4RKL3,17,2,365,0,IntelOrca,FALSE,17,1,0,https://github.com/OpenRCT2/OpenRCT2/graphs/contributors,"IntelOrca, duncanspumpkin, marijnvdwerf",4,774,1,1,0,1,0,0,0,1,0,0,1,0,0,0,0,0,1,384,1315,0,0,unknown,TRUE,0,17,1,554,6,atmaxinger,"Gymnasiast, adrian17, IntelOrca, AaronVanGeffen, marijnvdwerf, janisozaur, zsilencer, duncanspumpkin, trigger-death","Broxzier, atmaxinger",6,0.19,https://github.com/OpenRCT2/OpenRCT2/pull/2616,9,384,"Y,core",N,"Y,improve",N,YY,1,18400,0,94,2230,atmaxinger,0,8,2230,ABFSVRWVFHZ6P
377,1,3YW4XOSQKR9R27JNPT9WIH70WDTU1M,17,8,,1,aertmann,TRUE,17,28,4,https://github.com/neos/neos-development-collection/graphs/contributors,"aertmann, kdambekalns, kitsunet",8,2124,1,0,1,1,1,0,1,1,0,1,1,0,0,0,0,0,1191,92,1319,0,2,unknown,TRUE,0,17,28,435,4,dfeyer,"aertmann, kdambekalns, kitsunet, hlubek","gerhard-boden, aertmann, gerhard-boden",6,0.05,https://github.com/neos/neos-development-collection/pull/323,16,92,"Y,others","Y,core","Y,improve|Y,inconsistency",N,YY,0.75,13745,0,385,102,dfeyer,0,12,102,A2958TQAW43MP6
463,1,3SNLUL3WO5B4SENRI3RF2WGER6DULE,17,9,152,0,k8s-merge-robot,TRUE,17,1,4,https://github.com/kubernetes/kubernetes/graphs/contributors,"k8s-merge-robot, brendandburns, lavalamp",24,1142,1,0,0,0,1,0,1,1,0,0,1,1,0,1,0,0,30,6026,1320,0,5,unknown,TRUE,0,17,1,5271,4,caesarxuchao,"k8s-merge-robot, brendandburns, lavalamp, caesarxuchao, justinsb, derekwaynecarr, mikedanese",k8s-teamcity-mesosphere,6,0.69,https://github.com/kubernetes/kubernetes/pull/19267,271,6026,N,"Y,core","Y,improve","Y, no value",YY,0.89,50350,0,487,18361,caesarxuchao,1,71,18361,A1M6A01CROTF3K
95,0,3Z2R0DQ0JI2H2W4XIXU5JIV2ZHBE29,18,6,,0,lsmith77,FALSE,18,11,25,https://github.com/FriendsOfSymfony/FOSRestBundle/graphs/contributors,"lsmith77, Ener-Getick, xabbuh",11,769,1,1,0,1,1,0,1,1,0,0,1,0,0,0,0,0,17,565,1331,0,1,unknown,TRUE,1,18,11,81,4,Ma27,"lsmith77, Ener-Getick, xabbuh, everzet",SofHad,5,0.13,https://github.com/FriendsOfSymfony/FOSRestBundle/pull/1299,1,565,"Y,core","Y,core","Y,improve",N,YY,1,564,0,106,1419,Ma27,0,3,1419,A38NFX88VZDMJ3
331,0,30LB5CDZNDY8HHSFZX44L435QJZ0Z4,18,50,,0,wintersteiger,FALSE,18,16,112,https://github.com/Z3Prover/z3/graphs/contributors,"NikolajBjorner, wintersteiger, leodemoura",302,1986,1,1,0,1,0,0,0,0,0,0,0,0,0,0,0,0,147,323,1337,0,2,unknown,TRUE,0,18,16,55,4,https://github.com/wintersteiger,"NikolajBjorner, wintersteiger, leodemoura",https://github.com/cheshire,4,0.05,https://github.com/Z3Prover/z3/pull/401,1,323,"Y,core",N,N,N,YY,1,17749,0,633,1838,cheshire,0,5,1839,AT9K95UXPKH3J
72,1,3FTF2T8WLS6MJGBNO63QFBAGFQLW9V,18,2,715,1,bors,TRUE,18,2,4,https://github.com/rust-lang/rust/graphs/contributors,"bors, brson, alexcrichton",27,1093,1,0,1,1,1,0,1,0,0,0,0,0,0,0,0,0,1,3648,1338,0,1,unknown,TRUE,0,18,2,2880,7,bluss,"lkuper, thestinger, alexcrichton, erickt, jbclements, bors, pnkfelix, bblum, steveklabnik, nikomatsakis, graydon, catamorphism, eddyb, pcwalton, petrochenkov, brson, eholk","rust-highfive, shepmaster, Grankro, dotdash, ranma42",8,0.99,https://github.com/rust-lang/rust/pull/30740,148,3649,"Y,others","Y,core",N,N,YY,0.57,25133,0,99,18983,bluss,0,47,18983,ABFSVRWVFHZ6P
227,0,32SVAV9L3GX3X1J46S6O69A3KA23AR,18,6,149,0,rkuhn,TRUE,18,1,5,https://github.com/akka/akka/graphs/contributors,"viktorklang, patriknw, rkuhn",26,1761,1,0,0,0,0,1,1,1,0,0,1,0,0,0,0,0,34,2007,1342,0,1,unknown,TRUE,0,18,1,520,6,johanandren,"viktorklang, patriknw, rkuhn, jboner, pvlugter","ktoso, patriknw",7,0.12,https://github.com/akka/akka/pull/19384,36,2007,N,"Y,others","Y,improve",N,YY,0.89,11597,0,253,6287,johanandren,0,12,6287,A1M6A01CROTF3K
0,0,3DR23U6WE62BMVYA1CE1K54T499TE2,18,0,,0,bcipolli,TRUE,18,0,9,https://github.com/caciviclab/disclosure-backend/graphs/contributors,"palewire, bcipolli, aboutaaron",0,1008,1,1,0,1,0,0,0,0,0,0,0,0,0,0,0,0,1422,18,1344,0,0,unknown,TRUE,1,18,0,35,3,bcipolli,"tdooner, aboutaaron, mikeubell, palewire, armendariz, bcipolli, adborden",{},4,0.53,https://github.com/caciviclab/disclosure-backend/pull/124,18,18,"Y,core",N,N,N,YY,0.94,220,0,0,10,bcipolli,0,2,10,ABFSVRWVFHZ6P
35,0,31EUONYN2WRCBEFO0LHCQZMR3GTVOM,18,3,1167,0,zpao,FALSE,18,1,4,https://github.com/facebook/react/graphs/contributors,"zpao, spicyj, jimfb",1,1018,1,1,0,1,1,0,1,0,0,0,0,0,0,0,0,0,13,9554,1345,0,2,unknown,TRUE,0,18,1,587,5,jontewks,"fisherwebdev, acdlite, gaearon, subtleGradient, jimfb, syranide, jordwalke, vjeux, hellendag, keyanzhang, zpao, mcsheffrey, yungsters, cpojer, bgw, sebmarkbage, petehunt, benjamn, spicyj, chenglou","facebook-github-bot, rickbeerendonk",7,0.34,https://github.com/facebook/react/pull/5811,4,9554,"Y,core","Y,core",N,N,YY,1,2908,0,36,53784,jontewks,0,9,53785,ABFSVRWVFHZ6P
190340,0,3WEV0KO0ONG5FP7VGHYR4IQLZJUDS9,18,838,,0,obscuren,TRUE,18,4,85,https://github.com/ethereum/go-ethereum/graphs/contributors,"obscuren, fjl, karalabe",9688,746,1,0,1,1,0,1,1,1,1,0,0,1,0,1,0,0,1036,830,1351,0,3,unknown,TRUE,1,18,4,315,6,obscuren,"obscuren, fjl, karalabe, zelig, maran, wanderer, zsfelfoldi, SilentCicero, #19ethers","robotally, codecov-io, Gustav-Simonsson,  tgerring",7,0.04,https://github.com/ethereum/go-ethereum/pull/2116,178,830,"Y,others","Y,others","Y,bug","Y, no value",YY,0.89,4536,0,200028,2417,obscuren,1,6,2417,A2958TQAW43MP6
152,0,3TXD01ZLD558U6G6CBSYGFE498PU4A,18,35,,0,jdfreder,TRUE,18,10,234,https://github.com/ipython/ipywidgets/graphs/contributors,"jdfreder, SylvainCorlay, minrk",200,1206,1,1,0,1,0,1,1,0,0,0,0,0,0,0,0,0,7,165,1352,0,1,unknown,TRUE,1,18,10,88,4,SylvainCorlay,"willingc, takluyver, ssunkara1, rgbkrk, jasongrout, gnestor, Carreau, minrk, jdfreder, SylvainCorlay, ivanov, ellisonbg, grelston, fperez, jhpedemonte",blink1073,4,0.14,https://github.com/ipython/ipywidgets/pull/312,93,165,"Y,core","Y,others",N,N,YY,0.88,481,0,352,424,SylvainCorlay,1,4,424,ABFSVRWVFHZ6P
40,0,3S96KQ6I9NS6UPKA5H3HENM72KYTD5,19,2,632,0,GuillaumeGomez,FALSE,19,2,3,https://github.com/gtk-rs/gtk/graphs/contributors,"GuillaumeGomez, gkoz, jeremyletang",5,1418,1,1,0,1,0,0,0,0,0,0,0,0,0,0,0,0,134,47,1353,0,0,unknown,TRUE,0,19,2,41,3,rnestler,"GuillaumeGomez, gkoz, jeremyletang",rnestler,3,0.14,https://github.com/gtk-rs/gtk/pull/218,1,47,"Y,core",N,N,N,YY,1,1147,0,45,365,rnestler,0,2,365,ABFSVRWVFHZ6P
54,1,3HYA4D452S798A4TD8EB10G3FA62FL,19,2,1399,0,k8s-merge-robot,FALSE,19,1,3,https://github.com/kubernetes/kubernetes/graphs/contributors,"k8s-merge-robot, brendandburns, lavalamp",10,1849,1,1,0,1,0,0,0,0,0,0,0,0,0,0,0,0,1,6026,1360,0,4,unknown,TRUE,0,19,1,5271,3,danielschonfeld,"thockin, justinsb, bprashanth, zmerlynn, smarterclayton, vmarmol, wojtek-t, lavalamp, erictune, eparis, k8s-merge-robot, piosz, jlowdermilk, satnam6502, saad-ali, dchen1107, deads2k, roberthbailey, vishh, jbeda, bgrant0607, caesarxuchao, yujuhong, mikedanese, nikhiljindal, gmarek, a-robinson, sttts, brendandburns, derekwaynecarr","danielschonfeld, k8s-bot, k8s-teamcity-mesosphere, googlebot",7,0.7,https://github.com/kubernetes/kubernetes/pull/19337,2,6026,"Y,core",N,N,N,YY,0.5,50350,0,64,18361,danielschonfeld,0,71,18361,ABFSVRWVFHZ6P
306,0,31QTRG6Q2U1B08MUKWHBMYVCXRUPYR,19,9,201,0,chebee7i,FALSE,19,1,5,https://github.com/networkx/networkx/graphs/contributors,"hagberg, dschult, chebee7i",0,449,1,1,0,1,0,0,0,0,0,0,0,0,0,0,0,0,1069,781,1362,0,2,unknown,TRUE,1,19,1,298,4,nishnik,"SanketDG, jfinkels, Scinawa, k-karakatsanis, hagberg, jtorrents, ysitu, loicseguin, dschult, thegreathippo, chebee7i, thenovices",OrkoHunter,7,0.55,https://github.com/networkx/networkx/pull/1915,2,781,"Y,core",N,N,N,YY,0.5,3186,0,306,2490,nishnik,0,5,2490,ABFSVRWVFHZ6P
5029,1,3634BBTX0PIDJVIV2BZ3OGNJ3DCIFW,19,20,106,0,openshift-bot,TRUE,19,1,16,https://github.com/openshift/origin/graphs/contributors,"openshift-bot, smarterclayton, deads2k",2461,1414,1,1,0,1,0,0,0,0,0,0,0,0,0,0,0,0,334,1337,1365,0,0,unknown,TRUE,0,19,1,1152,3,jwforres,"ncdc, danwinship, bparees, deads2k, openshift-bot, rajatchopra, jwforres, smarterclayton, pravisankar, danmcp, dcbw, mfojtik, liggitt",openshift-bot,3,0.07,https://github.com/openshift/origin/pull/6596,123,1338,"Y,core",N,N,N,YY,0.96,15488,0,7490,1999,jwforres,0,31,1999,ABFSVRWVFHZ6P
2221,0,3OCHAWUVGP8LPCZ428Q1732411UXK8,19,1997,,1,johngian,TRUE,19,7,173,https://github.com/mozilla/mozillians/graphs/contributors,"glogiotatidis, johngian, Sancus",16807,1679,1,0,0,0,1,0,1,0,0,0,0,0,0,0,0,0,1026,292,1371,0,0,unknown,TRUE,0,19,7,25,3,johngian,"Sancus, johngian, ozten, tallowen, comzeradd, readevalprint, hoosteeno, davedash, tofumatt, aakashhdesai, alexgibson, dpoirier, akatsoulas, glogiotatidisSancus, johngian, ozten, tallowen, comzeradd, readevalprint, hoosteeno, davedash, tofumatt, aakashhdesai, alexgibson, dpoirier, akatsoulas, glogiotatidis",safwanrahman,3,0.18,https://github.com/mozilla/mozillians/pull/1288,116,292,N,"Y,core",N,N,YY,0.9,1396,0,19028,180,johngian,0,2,180,ABFSVRWVFHZ6P
200,1,3IOEN3P9S8760WTMTBBT2BTKTRY61J,20,9,1186,0,michaelshobbs,TRUE,20,1,23,https://github.com/dokku/dokku/graphs/contributors,"josegonzalez, michaelshobbs, progrium",2,960,1,0,0,0,1,0,1,0,0,0,0,1,0,0,0,0,9,1108,1379,0,1,unknown,TRUE,1,20,1,40,3,michaelshobbs,"josegonzalez, michaelshobbs, progrium, alessio, plietar",{},3,0.2,https://github.com/dokku/dokku/pull/1836,159,1108,N,"Y,core",N,"Y,others",YY,0.96,376,0,202,12606,michaelshobbs,1,2,12606,A2958TQAW43MP6
1675,0,3K2755HG5TRWBK29AXYSXJ7686IFDY,20,20,79,0,pdpinch,FALSE,20,1,25,https://github.com/edx/edx-platform/graphs/contributors,"cpennington, cahrens, chrisndodge",108,1595,1,1,0,1,1,0,1,1,1,0,0,1,0,0,0,0,1,1697,1383,0,2,unknown,TRUE,0,20,1,152,5,giocalitri,"cpennington, cahrens, chrisndodge","edx-webhook, giocalitri, nedbat",5,0.28,https://github.com/edx/edx-platform/pull/11166,10,1697,"Y,core","Y,core","Y,bug","Y,others",YY,1,33626,0,1783,2855,giocalitri,0,44,2855,A1M6A01CROTF3K
791,1,3IAS3U3I0G4JVTSD86SFIAPHZY62B0,20,49,,1,304NotModified,TRUE,20,44,153,https://github.com/NLog/NLog/graphs/contributors,"jkowalski, 304NotModified, Xharze",277,801,1,0,0,0,1,0,1,0,0,0,0,1,0,1,0,0,107,689,1384,0,5,unknown,TRUE,1,20,44,222,3,304NotModified,"jkowalski, 304NotModified, Xharze, bhaeussermann, kevindaub",codecov-io,4,0.2,https://github.com/NLog/NLog/pull/1143,142,689,N,"Y,core",N,"Y, no value|Y,others",YY,0.82,4126,0,1068,1968,304NotModified,1,2,1968,A2958TQAW43MP6
107,0,3KKG4CDWKJMAAES3E0X7KJRPV1294A,20,2,1161,0,michaelshobbs,FALSE,20,1,2,https://github.com/dokku/dokku/graphs/contributors,"josegonzalez, michaelshobbs, progrium",115,309,1,0,0,0,1,0,1,0,0,0,0,0,0,0,0,0,53,1108,1385,0,1,unknown,TRUE,0,20,1,40,3,u2mejc,"u2mejc, asm89, plietar, progrium, josegonzalez, xadh00m, michaelshobbs",{},3,0.2,https://github.com/dokku/dokku/pull/1848,10,1108,N,"Y,core",N,N,YY,0.9,376,0,222,12606,u2mejc,1,2,12606,ABFSVRWVFHZ6P
1410,0,3GS6S824SRL78IFHPGMVXC50KIMNWB,21,35,,1,kring,TRUE,21,15,54,https://github.com/TerriaJS/terriajs/graphs/contributors,"kring, RacingTadpole, chloeleichen",550,1642,1,0,0,0,1,0,1,1,1,0,1,0,0,0,0,0,1114,73,1388,0,0,unknown,TRUE,0,21,15,257,3,AlexGilleran,"steve9164, chloeleichen, sppigot, kgrochow, AlexGilleran, stevage, meh9, rdengate, kring, RacingTadpole",{},3,0.02,https://github.com/TerriaJS/terriajs/pull/1213,5,73,N,"Y,core","Y,bug|Y,improve",N,YY,1,2749,0,1960,147,AlexGilleran,1,7,147,ABFSVRWVFHZ6P
156,0,3MAOD8E57RYMXIK7ZLIHZVJ8V7CNX2,21,10,,1,boegel,TRUE,21,17,0,https://github.com/hpcugent/easybuild-easyconfigs/graphs/contributors,"boegel, wpoely86, fgeorgatos",86,1260,1,0,0,0,1,0,1,1,0,0,1,0,0,0,0,0,312,191,1392,0,0,unknown,TRUE,1,21,17,473,3,nathanhaigh,"itkovian, SimonPinches, ocaisa, pescobar, gjbex, JensTimmerman, verdurin, gribozavr, tovrstra, georgets, jas02, RvDijk, stdweird, besserox, npklein, tloizou, hajgato, gppezzi, wpoely86, rjeschmi, boegel, FokkeDijkstra, nathanhaigh, nudded, fgeorgatos, wdpypere",hpcugentbot,3,0.04,https://github.com/hpcugent/easybuild-easyconfigs/pull/2267,14,191,N,"Y,core","Y,improve",N,YY,0.93,28,0,242,55,nathanhaigh,0,8,55,ABFSVRWVFHZ6P
99,1,3CP1TO84PUPH6DB47W12FOPPPPF527,21,1,647,0,bors-servo,FALSE,21,1,8,https://github.com/servo/servo/graphs/contributors,"Ms2ger, bors-servo, pcwalton",98,571,1,0,0,0,0,0,0,0,0,0,0,0,0,0,0,0,0,1348,1393,0,1,unknown,TRUE,0,21,1,1865,3,nikkisquared,"brson, metajack, kmcallister, jgraham, glennw, Manishearth, SimonSapin, jdm, mbrubeck, larsbergstrom, pcwalton, Ms2ger, zmike, mrobinson, saneyuki","nikkisquared, bors-servo, KiChjang, highfive",6,1.29,https://github.com/servo/servo/pull/9172,5,1347,N,N,N,N,YY,1,0,0,197,8245,nikkisquared,0,22,8245,ABFSVRWVFHZ6P
119,0,3E1QT0TDFQX44G88UXTXEO6XD86I8H,21,11,152,1,gribozavr,FALSE,21,1,28,https://github.com/Apple/swift/graphs/contributors,"lattner, gribozavr, DougGregor",3,1525,1,1,1,1,0,0,0,0,0,0,0,0,0,0,0,0,1334,5048,1395,0,0,unknown,TRUE,0,21,1,115,5,hpux735,"lattner, gribozavr, DougGregor,jckarter,","MacMeDan, modocache, jrose-apple",5,0.19,https://github.com/Apple/swift/pull/901,2,5048,"Y,core|Y,others",N,N,N,YY,1,37384,0,122,35125,hpux735,0,34,35125,A1PQ56YTJSJN8B
0,1,3P1L2B7AD2D9F93UMHF63QOQE04OLD,21,0,1209,0,blasten,FALSE,21,0,5,https://github.com/PolymerElements/iron-list/graphs/contributors,"blasten, tedium-bot",0,828,1,1,1,1,0,1,1,0,0,0,0,0,0,0,0,0,484,64,1396,0,3,unknown,TRUE,0,21,0,59,4,jshcrowthe,"rictic, frankiefu, notwaldorf, cdata, azakus, blasten, kevinpschaaf, garlicnation","jshcrowthe, Westbrook, MeTaNoV, googlebot, guirenard",7,1.24,https://github.com/PolymerElements/iron-list/pull/168,1,64,"Y,core|Y,others","Y,others",N,N,YY,1,669,1,0,112,jshcrowthe,0,1,112,ABFSVRWVFHZ6P
93,0,35DR22AR5E8FTERXH2Y2QHL1OFRX3C,21,4,,0,oleg-nenashev,FALSE,21,8,0,https://github.com/jenkinsci/cloudbees-folder-plugin/graphs/contributors,"jglick, stephenc",1,1125,1,0,1,1,1,0,1,0,0,0,0,1,0,1,0,0,1,42,1397,0,0,unknown,TRUE,0,21,8,8,8,oleg-nenashev,"jglick, stephenc, kohsuke","rsandell, reviewbybees, Vlatombe, jtnord, jenkinsadmin",8,0.15,https://github.com/jenkinsci/cloudbees-folder-plugin/pull/32,2,42,"Y,others","Y,core",N,"Y, no value",YY,1,240,0,94,18,oleg-nenashev,1,2,18,A2958TQAW43MP6
449,0,3YW4XOSQKR9R27JNPT9WIH71YCE1UG,21,15,,0,DeepDiver1975,TRUE,21,4,32,https://github.com/owncloud/core/graphs/contributors,"DeepDiver1975, icewind1991, PVince81",186,2552,1,1,0,1,1,0,1,1,0,1,0,0,0,0,0,0,2,1594,1398,0,2,unknown,TRUE,1,21,4,1745,4,rullzer,"samtuke, SergioBertolinSG, butonic, LukasReschke, PVince81, bantu, Xenopathic, rullzer, FlorinPeter, MorrisJobke, schiessle, bartv2, BernhardPosselt, jancborchardt, Kondou-ger, ChristophWurst, tomneedham, eMerzh, VicDeo, tanghus, icewind1991, blizzz, georgehrke, DeepDiver1975, nickvergessen",{},6,0.04,https://github.com/owncloud/core/pull/21552,231,1594,"Y,core","Y,core","Y,inconsistency",N,YY,0.79,14669,0,635,4937,rullzer,0,17,4937,ABFSVRWVFHZ6P
381,1,3H8DHMCCWAZ7R6UNB8PPDWZBG2JDKI,21,17,1333,0,openshift-bot,TRUE,21,1,57,https://github.com/openshift/origin/graphs/contributors,"openshift-bot, smarterclayton, deads2k",140,631,1,0,0,0,1,0,1,0,0,0,0,0,0,0,0,0,1249,1337,1399,0,0,unknown,TRUE,0,21,1,1152,3,stevekuznetsov,"openshift-bot, smarterclayton, deads2k, bparees, mfojtik",openshift-bot,6,0.07,https://github.com/openshift/origin/pull/6591,127,1338,N,"Y,core",N,N,YN,0.69,15488,0,521,1999,stevekuznetsov,0,31,1999,A1M6A01CROTF3K
159,0,3G2UL9A02E2KBI8OIRS23LKYYE776W,21,8,,0,jpsim,FALSE,21,12,6,https://github.com/Realm/SwiftLint/graphs/contributors,"jpsim, scottrhoyt, norio-nomura",23,1677,1,1,0,1,1,0,1,0,0,0,0,0,0,0,0,0,50,364,1401,0,0,unknown,TRUE,0,21,12,151,5,marcelofabri,"keith, scottrhoyt, norio-nomura, jpsim","marcelofabri, codecov-io",5,0.22,https://github.com/Realm/SwiftLint/pull/330,3,364,"Y,core","Y,core",N,N,YY,1,371,1,182,5043,marcelofabri,0,2,5043,ABFSVRWVFHZ6P
890,0,39O5D9O87UGRQGG2Q62FC40SO8I3CK,21,15,402,0,cyli,TRUE,21,1,94,https://github.com/docker/notary/graphs/contributors,"cyli, endophage, diogomonica",46,1301,1,1,0,1,1,0,1,0,0,0,0,0,0,0,0,0,11,114,1404,0,2,unknown,TRUE,1,21,1,119,4,riyazdf,"RichardScothern, HuKeping, diogomonica, NathanMcCauley, davidwilliamson, SvenDowideit, cyli, dmcgowan, endophage, avaid96, riyazdf, aaronlehmann",GordonTheTurtle,6,0.05,https://github.com/docker/notary/pull/440,8,114,"Y,core","Y,core",N,N,YY,1,1725,0,936,739,riyazdf,0,5,739,ABFSVRWVFHZ6P
276,0,3S4AW7T80C65BGTC3X0XPSIKSP64LA,21,9,395,0,cesarbs,TRUE,21,1,1,https://github.com/aspnet/KestrelHttpServer/graphs/contributors,"halter73, benaadams, cesarbs",4,1637,1,0,0,0,1,0,1,1,0,1,0,1,0,0,0,0,52,259,1406,0,1,unknown,TRUE,0,21,1,63,5,cesarbs,"halter73, benaadams, cesarbs","halter73, benaadams",6,0.4,https://github.com/aspnet/KestrelHttpServer/pull/573,12,259,N,"Y,core","Y,inconsistency","Y,others",YN,0.5,1538,0,280,1211,cesarbs,1,4,1211,A1M6A01CROTF3K
1483,0,3L6L49WXW1LR9RQRBAKQ83MN6Z254J,22,45,,1,ZappoMan,TRUE,22,56,87,https://github.com/highfidelity/hifi/graphs/contributors,"birarda, ZappoMan, Atlante45",801,1225,1,0,0,0,1,0,1,0,0,0,0,0,0,0,0,0,133,259,1410,0,2,unknown,TRUE,0,22,56,55,6,samcake,"birarda, ZappoMan, Atlante45, ey6es","RyanDowne, PhilipRosedale, hifi-gustavo, OmegaHeron",7,0.02,https://github.com/highfidelity/hifi/pull/6766,200,259,N,"Y,core",N,,YY,0.96,20770,0,2284,452,samcake,0,18,452,A1M6A01CROTF3K
244,1,3S96KQ6I9NS6UPKA5H3HENM7ZBETD0,22,13,,0,sivel,TRUE,22,15,19,https://github.com/ansible/ansible/graphs/contributors,"mpdehaan, jimi-c, bcoca",31,2586,1,1,1,1,0,0,0,1,0,0,1,0,0,0,0,0,0,6026,1417,0,1,unknown,TRUE,1,22,15,1594,7,sivel,"mpdehaan, jimi-c, bcoca, abadger, jctanner, sivel, dhozac, privateip","cygnetix, tom025",7,0.19,https://github.com/ansible/ansible/pull/13771,150,6027,"Y,core|Y,others",N,"Y,improve",N,YY,0.84,3751,0,275,19704,sivel,1,15,19704,A1WSTW4R68I8KI
680,0,3X31TUMD7YAOJHWTGFHVRUBHJLJL10,22,15,,0,thomasflynn,TRUE,22,5,38,https://github.com/samsung/GearVRf/graphs/contributors,"liaxim, thomasflynn, NolaDonato",3,181,1,1,0,1,1,1,1,1,0,0,1,1,1,0,0,0,59,162,1418,0,0,unknown,TRUE,0,22,5,76,4,danke-sra,"liaxim, thomasflynn, NolaDonato","danke-sra, rahul27, thomasflynn, thomasflynn",4,0.23,https://github.com/samsung/GearVRf/pull/371,19,163,"Y,core","Y,core|Y,others","Y,improve","Y,not fit.",YY,0.84,10920,0,683,246,danke-sra,0,4,246,A2958TQAW43MP6
3,0,3IRIK4HM3B8QNZ3K980DJ7CBXA8C66,23,2,1242,0,joshcooper,FALSE,23,1,2,https://github.com/puppetlabs/puppet/graphs/contributors,"lak, hlindberg, joshcooper",3,2591,1,0,0,0,1,0,1,1,0,0,1,0,0,0,0,0,92,1742,1424,0,0,unknown,TRUE,0,23,1,61,5,branan,"vrthra, MikaelSmith, cprice404, justinstoller, joshcooper, ferventcoder, thallgren, HAIL9000, adrienthebo, pcarlisle, haus, jpartlow, whopper, johnduarte, slippycheeze, Iristyle, gguillotte, stschulte, nfagerlund, hlindberg, MosesMendoza, scotje, jeffmccune, nicklewis, zaphod42, peterhuene","branan, Sharpie",6,0.21,https://github.com/puppetlabs/puppet/pull/4550,25,1742,N,"Y,core","Y,improve",N,YY,0.52,11041,0,6,4239,branan,1,14,4239,ABFSVRWVFHZ6P
424,0,3IUZPWIU1PV60CUES3UF5KOWPTZKWW,23,21,,0,rlgomes,FALSE,23,6,29,https://github.com/juttle/juttle/graphs/contributors,"dmajda, demmer",19,2360,1,1,0,1,1,0,1,0,0,0,0,0,0,0,0,0,866,14,1426,0,0,unknown,TRUE,0,23,6,108,4,rlgomes,"dmajda, demmer","bkutil, go-oleg, davidvgalbraith, rlgomes, dmehra, henridf, VladVega",4,0.32,https://github.com/juttle/juttle/pull/126,10,14,"Y,core","Y,core",N,N,YY,0.9,1487,0,443,212,rlgomes,0,2,212,A3LGJHPZCD8PQA
429,0,3KIBXJ1WD6IYV3LC1H35OQBANMVKO6,23,12,,1,apc999,TRUE,23,15,41,https://github.com/amplab/tachyon/graphs/contributors,"calvinjia, apc999, haoyuan",246,1432,1,1,0,1,1,0,1,0,0,0,0,0,0,0,0,0,237,1229,1429,0,0,unknown,TRUE,0,23,15,23,6,apc999,"ifcharming, peisun1115, haoyuan, apc999, yupeng9, aaudiber, jsimsa, gpang, calvinjia",AmplabJenkins,6,0.07,https://github.com/amplab/tachyon/pull/2418,146,1229,"Y,core","Y,core",N,N,YY,0.93,5125,0,675,2719,apc999,0,23,2719,ABFSVRWVFHZ6P
459,0,3AWETUDC93GJOC9V3NTAR832H0GZIF,23,12,435,0,mythmon,TRUE,23,2,36,https://github.com/mozilla/kitsune/graphs/contributors,"rlr, mythmon, rehandalal",34,650,1,0,0,0,1,0,1,1,0,0,1,0,0,0,0,0,701,367,1431,0,0,unknown,TRUE,0,23,2,1,5,safwanrahman,"willkg, Osmose, mythmon, glogiotatidis, dean, rlr, rehandalal","safwanrahman, brittanystoroz",5,0.07,https://github.com/mozilla/kitsune/pull/2766,42,367,N,"Y,core","Y,improve",N,YY,0.6,4615,0,493,363,safwanrahman,0,5,363,ABFSVRWVFHZ6P
2449,0,3DI28L7YXB2ADBM1ZTUREZLYC0U1EX,23,39,,0,cartermp,TRUE,23,5,7,https://github.com/dotnet/core-docs/graphs/contributors,"stevehoag, dend, blackdwarf",1,1874,1,1,1,1,1,0,1,0,0,0,0,0,0,0,0,0,569,407,1432,0,1,unknown,TRUE,0,23,5,208,6,BillWagner,"qinezh, dend, kempb, bleroy, BillWagner, rpetrusha, ghogen, matthewreily, mairaw, cartermp, DuncanmaMSFT, chenkennt, tdykstra, BethMassi, bradygaster, stevehoag, blackdwarf, richlander",Maxwe11,6,1.13,https://github.com/dotnet/core-docs/pull/205,4,407,"Y,core|Y,others","Y,core",N,N,YY,1,14,0,2450,267,BillWagner,0,4,267,ABFSVRWVFHZ6P
114,1,3FPRZHYEPZVNPPM2HNXK2WOH9GGV3V,23,2,135,0,alex-mohr,TRUE,23,1,14,https://github.com/kubernetes/kubernetes/graphs/contributors,"k8s-merge-robot, brendandburns, lavalamp",15,539,1,1,0,1,0,0,0,0,0,0,0,0,0,0,0,0,8,6026,1433,0,3,unknown,TRUE,0,23,1,5271,8,deads2k,"thockin, justinsb, bprashanth, zmerlynn, smarterclayton, vmarmol, wojtek-t, lavalamp, erictune, eparis, k8s-merge-robot, piosz, jlowdermilk, satnam6502, saad-ali, dchen1107, deads2k, roberthbailey, vishh, jbeda, bgrant0607, caesarxuchao, yujuhong, mikedanese, nikhiljindal, gmarek, a-robinson, sttts, brendandburns, derekwaynecarr, alex-mohr","csrwng, k8s-bot, k8s-teamcity-mesosphere, googlebot",11,0.73,https://github.com/kubernetes/kubernetes/pull/19481,152,6026,"Y,core",N,N,N,YY,0.82,50350,0,129,18361,deads2k,0,70,18361,ABFSVRWVFHZ6P
192,0,3IKZ72A5B545XWTMZRCVTOJ0PGTFN4,23,4,,0,takluyver,FALSE,23,20,4,https://github.com/jupyter/nbconvert/graphs/contributors,"minrk, jdfreder, Carreau",9,1001,1,1,0,1,1,0,1,0,0,0,0,0,0,0,0,0,242,111,1434,0,0,unknown,TRUE,1,23,20,100,4,tritemio,"ellisonbg, amueller, Carreau, jdfreder, willingc, takluyver, jakevdp, minrk, jhamrick, michaelpacer, ivanov, fperez",tritemio,5,1.33,https://github.com/jupyter/nbconvert/pull/191,3,111,"Y,core","Y,core",N,N,YY,1,529,0,201,124,tritemio,0,3,124,ABFSVRWVFHZ6P
417,1,3Z2R0DQ0JI2H2W4XIXU5JIV22BTE2I,23,19,,0,jykae,TRUE,23,106,10,https://github.com/apinf/api-umbrella-dashboard/graphs/contributors,"brylie, nnn, frenchbread",6,1250,1,1,0,1,0,0,0,1,1,0,0,0,0,0,0,0,1192,13,1435,0,0,unknown,TRUE,0,23,106,380,3,frenchbread,"brylie, nnn, frenchbread, jykae","nnn, jykae",3,0.03,https://github.com/apinf/api-umbrella-dashboard/pull/757,51,13,"Y,core",N,"Y,bug",N,YY,0.9,772,1,423,22,frenchbread,1,4,22,A15UL2ZJDWDN7H
345,1,3TUI152ZZCBZAEC68KPR8GABSZBQ1E,25,3,586,0,k8s-merge-robot,TRUE,25,2,0,https://github.com/kubernetes/kubernetes/graphs/contributors,"k8s-merge-robot, brendandburns, lavalamp",5,2379,1,1,0,1,1,0,1,1,0,0,1,0,0,0,0,0,6,6026,1452,0,5,unknown,TRUE,1,25,2,5271,6,justinsb,"k8s-merge-robot, brendandburns, lavalamp, caesarxuchao, justinsb, derekwaynecarr, mikedanese, gmarek, deads2k","jtblin, k8s-teamcity-mesosphere",9,0.7,https://github.com/kubernetes/kubernetes/pull/19335,237,6026,"Y,core","Y,core","Y,improve",N,YY,0.84,50350,0,350,18361,justinsb,0,71,18361,A2958TQAW43MP6
0,1,3TS1AR6UQR2GUB1ZJKV6XRXBRMZ7F6,25,0,,1,rultor,FALSE,25,0,0,https://github.com/jcabi/jcabi-http/graphs/contributors,"yegor256, carlosmiranda",0,777,1,0,0,0,0,0,0,1,0,0,1,0,0,0,0,0,1,36,1456,0,1,unknown,TRUE,0,25,0,26,6,piddubnyi,"yegor256, carlosmiranda","dmarkov, pinaf, cvrebert, rultor",6,0.13,https://github.com/jcabi/jcabi-http/pull/118,1,36,N,N,"Y,improve",N,YY,1,387,0,0,80,piddubnyi,0,1,80,ABFSVRWVFHZ6P
5,0,30MVJZJNHN10DWBOH7KBQLG8AYG9JM,27,1,,0,thibaudgg,FALSE,27,1,0,https://github.com/guard/guard/graphs/contributors,"netzpirat, e2, rymai",5,1247,1,1,0,1,1,1,1,1,0,1,1,1,1,0,0,0,275,432,10002,0,0,unknown,TRUE,0,27,1,42,6,sunaku,"netzpirat, e2, rymai","flori, kierzniak",6,0.61,https://github.com/guard/guard/pull/156,1,432,"Y,core","Y,core|Y,others","Y,improve|Y,inconsistency","Y,not fit.",YY,1,375,0,10,5146,sunaku,0,1,5146,A2958TQAW43MP6
978,0,3R6P78PK7LZ969U1774PK8P5HQWTGT,10,60,,1,randx,TRUE,10,28,42,https://github.com/gitlabhq/gitlabhq/graphs/contributors,"randx, tsigo, DouweM",224,739,1,1,0,1,0,0,0,0,0,0,0,0,0,0,0,0,35,5090,10005,0,0,unknown,TRUE,1,10,28,0,3,Andrew8xx8,"maxlazio, jacobvosmaer, stanhu, rymai, Razer6, tmaczukin, vsizov, tsigo, NARKOZ, DouweM, riyad, jvanbaarsen, dosire, axilleas, randx","Andrew8xx8, coveralls",5,0.19,https://github.com/gitlabhq/gitlabhq/pull/3351,14,5089,"Y,core",N,N,N,YY,0.86,8745,0,1202,18653,Andrew8xx8,0,12,18653,ABFSVRWVFHZ6P
36,0,382M9COHEI3QM8DZ1H4BP1QUL74UEI,31,6,,0,seanlinsley,FALSE,31,2,3,https://github.com/gregbell/active_admin/graphs/contributors,"seanlinsley, gregbell, timoschilling",57,275,1,1,1,1,0,0,0,1,0,1,0,0,0,0,0,0,251,2547,10016,0,0,unknown,TRUE,0,31,2,233,10,tinynumbers,"macfanatic, pcreux, mattvague, jpmckinney, jancel, timoschilling, gregbell, seanlinsley","tinynumbers, brodock, ncimino, mindhalt, socjopata, mwlang, smidwap",10,0.78,https://github.com/gregbell/active_admin/pull/1952,5,2547,"Y,core|Y,others",N,"Y,inconsistency",N,YY,0.6,846,0,93,6946,tinynumbers,0,3,6946,ABFSVRWVFHZ6P
761,0,3WAKVUDHUX45DTYPE9Q5JRYDWN97UL,12,10,,0,jonludlam,FALSE,10,6,0,https://github.com/xapi-project/xen-api/graphs/contributors,"johnelse, robhoes, jonludlam, simonjbeaumont, jonathanknowles, zli, rokstrnisa, thomassa",0,153,1,0,1,1,0,1,1,0,0,0,0,1,0,1,0,0,476,159,10018,0,0,unknown,TRUE,0,10,6,27,6,grantmcwilliams,"johnelse, robhoes, jonludlam, simonjbeaumont, jonathanknowles, zli, rokstrnisa, thomassa","xen-git, jonludlam, robhoes",6,0.1,https://github.com/xapi-project/xen-api/pull/957,1,159,"Y,others","Y,others",N,"Y, no value",YY,1,7011,0,761,222,grantmcwilliams,0,7,222,A1M6A01CROTF3K
0,0,39O5D9O87UGRQGG2Q62FC40SOCIC31,14,0,,0,zzamboni,FALSE,14,0,0,https://github.com/cfengine/design-center/graphs/contributors,"tzz, zzamboni, nickanderson",0,94,1,1,0,1,1,0,1,0,0,0,0,0,0,0,0,0,132,73,10019,0,0,unknown,TRUE,0,14,0,48,3,neilhwatson,"phnakarin, tzz, atsaloli, estenberg, nickanderson, zzamboni",neilhwatson,3,0.36,https://github.com/cfengine/design-center/pull/14,1,73,"Y,core","Y,core",N,N,YY,1,288,0,0,79,neilhwatson,0,2,79,ABFSVRWVFHZ6P